{
  "flooder": {
    "n": 9149,
    "p50": 41.3668155670166,
    "p95": 52.75373458862305,
    "p99": 58.591613769531264,
    "mx": 95.98088264465332,
    "count_err": 0,
    "count_ok_total": 9468
  },
  "quiet_aggregate": {
    "n": 1993,
    "p50": 41.2900447845459,
    "p95": 52.753257751464844,
    "p99": 57.10190773010253,
    "mx": 92.42939949035645,
    "count_err": 0,
    "count_ok_total": 2079
  },
  "quiet_per_tenant": {
    "quiet_0": {
      "n": 311,
      "p50": 41.329383850097656,
      "p95": 51.54156684875488,
      "p99": 54.23855781555176,
      "mx": 58.32099914550781,
      "count_err": 0,
      "count_ok_total": 321
    },
    "quiet_1": {
      "n": 285,
      "p50": 40.99106788635254,
      "p95": 53.14650535583496,
      "p99": 56.91384315490723,
      "mx": 92.42939949035645,
      "count_err": 0,
      "count_ok_total": 297
    },
    "quiet_2": {
      "n": 285,
      "p50": 41.6262149810791,
      "p95": 54.63809967041016,
      "p99": 59.03699874877934,
      "mx": 80.76262474060059,
      "count_err": 0,
      "count_ok_total": 298
    },
    "quiet_3": {
      "n": 280,
      "p50": 40.970802307128906,
      "p95": 53.40043306350708,
      "p99": 56.993813514709466,
      "mx": 79.15210723876953,
      "count_err": 0,
      "count_ok_total": 294
    },
    "quiet_4": {
      "n": 295,
      "p50": 41.83602333068848,
      "p95": 52.753591537475586,
      "p99": 55.95036029815674,
      "mx": 60.02020835876465,
      "count_err": 0,
      "count_ok_total": 308
    },
    "quiet_5": {
      "n": 260,
      "p50": 41.3128137588501,
      "p95": 51.67837142944335,
      "p99": 58.60692501068117,
      "mx": 62.5758171081543,
      "count_err": 0,
      "count_ok_total": 272
    },
    "quiet_6": {
      "n": 277,
      "p50": 40.35806655883789,
      "p95": 50.35901069641113,
      "p99": 53.07895660400391,
      "mx": 63.69590759277344,
      "count_err": 0,
      "count_ok_total": 289
    }
  },
  "bench_start_epoch": 1776746466.3078523
}