{
  "flooder": {
    "n": 2900,
    "p50": 34.653306007385254,
    "p95": 43.338799476623535,
    "p99": 47.35682010650633,
    "mx": 76.90834999084473,
    "count_err": 6481,
    "count_ok_total": 3009
  },
  "quiet_aggregate": {
    "n": 1993,
    "p50": 35.37440299987793,
    "p95": 44.90332603454589,
    "p99": 49.81283187866211,
    "mx": 69.62800025939941,
    "count_err": 0,
    "count_ok_total": 2079
  },
  "quiet_per_tenant": {
    "quiet_0": {
      "n": 311,
      "p50": 35.3240966796875,
      "p95": 44.388413429260254,
      "p99": 50.37496089935299,
      "mx": 56.693315505981445,
      "count_err": 0,
      "count_ok_total": 321
    },
    "quiet_1": {
      "n": 285,
      "p50": 35.06159782409668,
      "p95": 45.610713958740234,
      "p99": 49.09165382385255,
      "mx": 50.58169364929199,
      "count_err": 0,
      "count_ok_total": 297
    },
    "quiet_2": {
      "n": 285,
      "p50": 35.60471534729004,
      "p95": 44.5796012878418,
      "p99": 49.85746383666993,
      "mx": 51.13816261291504,
      "count_err": 0,
      "count_ok_total": 298
    },
    "quiet_3": {
      "n": 280,
      "p50": 35.715579986572266,
      "p95": 44.409263134002686,
      "p99": 49.33571338653561,
      "mx": 52.419185638427734,
      "count_err": 0,
      "count_ok_total": 294
    },
    "quiet_4": {
      "n": 295,
      "p50": 35.208940505981445,
      "p95": 44.695258140563965,
      "p99": 47.58780002593995,
      "mx": 55.31501770019531,
      "count_err": 0,
      "count_ok_total": 308
    },
    "quiet_5": {
      "n": 260,
      "p50": 35.56716442108154,
      "p95": 45.79068422317504,
      "p99": 49.76787328720095,
      "mx": 55.17911911010742,
      "count_err": 0,
      "count_ok_total": 272
    },
    "quiet_6": {
      "n": 277,
      "p50": 35.414695739746094,
      "p95": 45.401954650878906,
      "p99": 48.795309066772475,
      "mx": 69.62800025939941,
      "count_err": 0,
      "count_ok_total": 289
    }
  },
  "bench_start_epoch": 1776746823.6371043
}