{
  "flooder": {
    "n": 0,
    "p50": -1,
    "p95": -1,
    "p99": -1,
    "mx": -1,
    "count_err": 0,
    "count_ok_total": 0
  },
  "quiet_aggregate": {
    "n": 1993,
    "p50": 34.261226654052734,
    "p95": 42.162370681762695,
    "p99": 46.84190750122068,
    "mx": 54.49485778808594,
    "count_err": 0,
    "count_ok_total": 2079
  },
  "quiet_per_tenant": {
    "quiet_0": {
      "n": 311,
      "p50": 33.97202491760254,
      "p95": 43.370604515075684,
      "p99": 48.11141490936276,
      "mx": 53.063392639160156,
      "count_err": 0,
      "count_ok_total": 321
    },
    "quiet_1": {
      "n": 285,
      "p50": 34.090518951416016,
      "p95": 43.28298568725587,
      "p99": 47.201766967773445,
      "mx": 48.3095645904541,
      "count_err": 0,
      "count_ok_total": 297
    },
    "quiet_2": {
      "n": 285,
      "p50": 34.22069549560547,
      "p95": 41.68996810913086,
      "p99": 45.866374969482436,
      "mx": 49.82495307922363,
      "count_err": 0,
      "count_ok_total": 298
    },
    "quiet_3": {
      "n": 280,
      "p50": 34.4163179397583,
      "p95": 41.64130687713623,
      "p99": 47.21781492233276,
      "mx": 49.097537994384766,
      "count_err": 0,
      "count_ok_total": 294
    },
    "quiet_4": {
      "n": 295,
      "p50": 34.47413444519043,
      "p95": 42.15705394744873,
      "p99": 45.346646308898926,
      "mx": 47.93834686279297,
      "count_err": 0,
      "count_ok_total": 308
    },
    "quiet_5": {
      "n": 260,
      "p50": 34.06548500061035,
      "p95": 42.25538969039916,
      "p99": 47.65370368957522,
      "mx": 52.26540565490723,
      "count_err": 0,
      "count_ok_total": 272
    },
    "quiet_6": {
      "n": 277,
      "p50": 34.38448905944824,
      "p95": 41.36557579040527,
      "p99": 45.758724212646484,
      "mx": 54.49485778808594,
      "count_err": 0,
      "count_ok_total": 289
    }
  },
  "bench_start_epoch": 1776746084.5671942
}