{
  "scenario": "dual-model-serving",
  "workload": "concurrent",
  "concurrency": 192,
  "num_requests": 4000,
  "num_successful": 4000,
  "num_failed": 0,
  "ttft_p50_ms": 3028.9790630340576,
  "ttft_p95_ms": 3486.65816783905,
  "ttft_p99_ms": 5690.91539144516,
  "total_latency_p50_ms": 4942.3840045928955,
  "total_latency_p99_ms": 7577.333858013153,
  "throughput_tok_per_sec": 5016.8540591688,
  "per_model": {
    "Llama-3.1-8B-Instruct": {
      "num_requests": 4000,
      "num_cold_starts": 0,
      "ttft_p50_ms": 3028.9790630340576,
      "ttft_p99_ms": 5690.91539144516,
      "total_latency_p50_ms": 4942.3840045928955,
      "total_latency_p99_ms": 7577.333858013153,
      "tokens_generated": 506804
    }
  },
  "gpu_memory": {
    "peak_used_mb": 69964.8125,
    "mean_used_mb": 69964.8125,
    "total_mb": 81559.0,
    "peak_utilization_pct": 85.78429419193468,
    "gpu_compute_util_mean": 77.20216962524655
  },
  "wall_time_ms": 102412.8980152309
}