{
  "scenario": "dual-model-serving",
  "models": [
    "meta-llama/Llama-3.1-8B-Instruct"
  ],
  "concurrency_levels": [
    64,
    128,
    192,
    256
  ],
  "benchmarks": [
    {
      "scenario": "dual-model-serving",
      "workload": "concurrent",
      "concurrency": 64,
      "num_requests": 4000,
      "num_successful": 4000,
      "num_failed": 0,
      "ttft_p50_ms": 368.44873428344727,
      "ttft_p95_ms": 416.05998277664185,
      "ttft_p99_ms": 502.49293327331543,
      "total_latency_p50_ms": 2009.5170736312866,
      "total_latency_p99_ms": 2374.188642501831,
      "throughput_tok_per_sec": 4002.142173047153,
      "per_model": {
        "Llama-3.1-8B-Instruct": {
          "num_requests": 4000,
          "num_cold_starts": 0,
          "ttft_p50_ms": 368.44873428344727,
          "ttft_p99_ms": 502.49293327331543,
          "total_latency_p50_ms": 2009.5170736312866,
          "total_latency_p99_ms": 2374.188642501831,
          "tokens_generated": 506757
        }
      },
      "gpu_memory": {
        "peak_used_mb": 69566.8125,
        "mean_used_mb": 69565.88421000788,
        "total_mb": 81559.0,
        "peak_utilization_pct": 85.2963039026962,
        "gpu_compute_util_mean": 80.52403467297084
      },
      "wall_time_ms": 127867.22062155604
    },
    {
      "scenario": "dual-model-serving",
      "workload": "concurrent",
      "concurrency": 128,
      "num_requests": 4000,
      "num_successful": 4000,
      "num_failed": 0,
      "ttft_p50_ms": 569.1665410995483,
      "ttft_p95_ms": 3180.8650374412537,
      "ttft_p99_ms": 3271.8339824676514,
      "total_latency_p50_ms": 2595.0337648391724,
      "total_latency_p99_ms": 5350.33255815506,
      "throughput_tok_per_sec": 4990.510876871324,
      "per_model": {
        "Llama-3.1-8B-Instruct": {
          "num_requests": 4000,
          "num_cold_starts": 0,
          "ttft_p50_ms": 569.1665410995483,
          "ttft_p99_ms": 3271.8339824676514,
          "total_latency_p50_ms": 2595.0337648391724,
          "total_latency_p99_ms": 5350.33255815506,
          "tokens_generated": 506836
        }
      },
      "gpu_memory": {
        "peak_used_mb": 70492.4375,
        "mean_used_mb": 69968.39050099206,
        "total_mb": 81559.0,
        "peak_utilization_pct": 86.43121850439559,
        "gpu_compute_util_mean": 77.91765873015873
      },
      "wall_time_ms": 102832.56987668574
    },
    {
      "scenario": "dual-model-serving",
      "workload": "concurrent",
      "concurrency": 192,
      "num_requests": 4000,
      "num_successful": 4000,
      "num_failed": 0,
      "ttft_p50_ms": 3028.9790630340576,
      "ttft_p95_ms": 3486.65816783905,
      "ttft_p99_ms": 5690.91539144516,
      "total_latency_p50_ms": 4942.3840045928955,
      "total_latency_p99_ms": 7577.333858013153,
      "throughput_tok_per_sec": 5016.8540591688,
      "per_model": {
        "Llama-3.1-8B-Instruct": {
          "num_requests": 4000,
          "num_cold_starts": 0,
          "ttft_p50_ms": 3028.9790630340576,
          "ttft_p99_ms": 5690.91539144516,
          "total_latency_p50_ms": 4942.3840045928955,
          "total_latency_p99_ms": 7577.333858013153,
          "tokens_generated": 506804
        }
      },
      "gpu_memory": {
        "peak_used_mb": 69964.8125,
        "mean_used_mb": 69964.8125,
        "total_mb": 81559.0,
        "peak_utilization_pct": 85.78429419193468,
        "gpu_compute_util_mean": 77.20216962524655
      },
      "wall_time_ms": 102412.8980152309
    },
    {
      "scenario": "dual-model-serving",
      "workload": "concurrent",
      "concurrency": 256,
      "num_requests": 4000,
      "num_successful": 4000,
      "num_failed": 0,
      "ttft_p50_ms": 5450.100421905518,
      "ttft_p95_ms": 5700.098514556885,
      "ttft_p99_ms": 5877.475256919861,
      "total_latency_p50_ms": 7333.351612091064,
      "total_latency_p99_ms": 7778.946101665497,
      "throughput_tok_per_sec": 5038.736370228011,
      "per_model": {
        "Llama-3.1-8B-Instruct": {
          "num_requests": 4000,
          "num_cold_starts": 0,
          "ttft_p50_ms": 5450.100421905518,
          "ttft_p99_ms": 5877.475256919861,
          "total_latency_p50_ms": 7333.351612091064,
          "total_latency_p99_ms": 7778.946101665497,
          "tokens_generated": 506758
        }
      },
      "gpu_memory": {
        "peak_used_mb": 69964.8125,
        "mean_used_mb": 69964.8125,
        "total_mb": 81559.0,
        "peak_utilization_pct": 85.78429419193468,
        "gpu_compute_util_mean": 78.03956478733927
      },
      "wall_time_ms": 101904.91893421859
    }
  ]
}