{
  "scenario": "dual-model-serving",
  "workload": "concurrent",
  "concurrency": 192,
  "num_requests": 4000,
  "num_successful": 4000,
  "num_failed": 0,
  "ttft_p50_ms": 3068.168520927429,
  "ttft_p95_ms": 3311.0081791877747,
  "ttft_p99_ms": 3502.916648387909,
  "total_latency_p50_ms": 5072.550535202026,
  "total_latency_p99_ms": 5539.781262874603,
  "throughput_tok_per_sec": 4954.604926309709,
  "per_model": {
    "Llama-3.1-8B-Instruct": {
      "num_requests": 4000,
      "num_cold_starts": 0,
      "ttft_p50_ms": 3068.168520927429,
      "ttft_p99_ms": 3502.916648387909,
      "total_latency_p50_ms": 5072.550535202026,
      "total_latency_p99_ms": 5539.781262874603,
      "tokens_generated": 506671
    }
  },
  "gpu_memory": {
    "peak_used_mb": 69408.8125,
    "mean_used_mb": 69408.8125,
    "total_mb": 81559.0,
    "peak_utilization_pct": 85.10257911450606,
    "gpu_compute_util_mean": 78.24366471734893
  },
  "wall_time_ms": 103559.66482777148
}