{
  "scenario": "dual-model-serving",
  "workload": "concurrent",
  "concurrency": 128,
  "num_requests": 4000,
  "num_successful": 4000,
  "num_failed": 0,
  "ttft_p50_ms": 595.7727432250977,
  "ttft_p95_ms": 3192.325747013092,
  "ttft_p99_ms": 3357.2758650779724,
  "total_latency_p50_ms": 2509.527564048767,
  "total_latency_p99_ms": 5292.19123840332,
  "throughput_tok_per_sec": 5013.479144505227,
  "per_model": {
    "Llama-3.1-8B-Instruct": {
      "num_requests": 4000,
      "num_cold_starts": 0,
      "ttft_p50_ms": 595.7727432250977,
      "ttft_p99_ms": 3357.2758650779724,
      "total_latency_p50_ms": 2509.527564048767,
      "total_latency_p99_ms": 5292.19123840332,
      "tokens_generated": 506743
    }
  },
  "gpu_memory": {
    "peak_used_mb": 69408.8125,
    "mean_used_mb": 69406.59575123152,
    "total_mb": 81559.0,
    "peak_utilization_pct": 85.10257911450606,
    "gpu_compute_util_mean": 77.0384236453202
  },
  "wall_time_ms": 102318.0535659194
}