[t=    0.0s 00:00:21Z] PROBE: spinning NVIDIA A100-SXM4-80GB SECURE/interruptible=False with 120s deadline
[t=    0.0s 00:00:21Z] create_pod request: gpu=NVIDIA A100-SXM4-80GB image=runpod/pytorch:2.1.0-py3.10-cuda12.1.1-devel-ubuntu22.04 cloud=SECURE/interruptible=False
[t=    2.3s 00:00:23Z] create OK id=bc8mwdanz6bxw4 costPerHr=$1.49
[t=    2.3s 00:00:23Z] PROBE: pod created id=bc8mwdanz6bxw4; waiting for publicIp+ssh_port
[t=    2.5s 00:00:24Z] poll desiredStatus=RUNNING publicIp= ssh_port=None
[t=   18.0s 00:00:39Z] poll desiredStatus=RUNNING publicIp= ssh_port=None
[t= 2886.7s 00:48:28Z] PROBE NO-GO: pod bc8mwdanz6bxw4 not RUNNING+SSH within 120s; tearing down
[t= 2886.7s 00:48:28Z] DELETE pod bc8mwdanz6bxw4
[t= 2887.5s 00:48:29Z] delete returned status=204 resp={}
[t= 2892.8s 00:48:34Z] pod bc8mwdanz6bxw4 confirmed terminated (404)
[t= 2892.8s 00:48:34Z] PROBE: pod bc8mwdanz6bxw4 torn down
[t=    0.0s 00:48:34Z] PROBE: spinning NVIDIA A100 80GB PCIe SECURE/interruptible=False with 60s deadline
[t=    0.0s 00:48:34Z] create_pod request: gpu=NVIDIA A100 80GB PCIe image=runpod/pytorch:2.1.0-py3.10-cuda12.1.1-devel-ubuntu22.04 cloud=SECURE/interruptible=False
[t=    0.7s 00:48:35Z] create FAIL status=500 resp={'error': 'create pod: There are no instances currently available', 'status': 500}
[t=    0.7s 00:48:35Z] PROBE EXCEPTION: RuntimeError: pod create failed: status=500
[t=    0.0s 00:48:35Z] PROBE: spinning NVIDIA H100 80GB HBM3 SECURE/interruptible=False with 60s deadline
[t=    0.0s 00:48:35Z] create_pod request: gpu=NVIDIA H100 80GB HBM3 image=runpod/pytorch:2.1.0-py3.10-cuda12.1.1-devel-ubuntu22.04 cloud=SECURE/interruptible=False
[t=    0.6s 00:48:36Z] create FAIL status=500 resp={'error': 'create pod: There are no instances currently available', 'status': 500}
[t=    0.6s 00:48:36Z] PROBE EXCEPTION: RuntimeError: pod create failed: status=500
[t=    0.0s 00:48:36Z] PROBE: spinning NVIDIA H100 PCIe SECURE/interruptible=False with 60s deadline
[t=    0.0s 00:48:36Z] create_pod request: gpu=NVIDIA H100 PCIe image=runpod/pytorch:2.1.0-py3.10-cuda12.1.1-devel-ubuntu22.04 cloud=SECURE/interruptible=False
[t=    0.6s 00:48:36Z] create FAIL status=500 resp={'error': 'create pod: There are no instances currently available', 'status': 500}
[t=    0.6s 00:48:36Z] PROBE EXCEPTION: RuntimeError: pod create failed: status=500
[t=    0.0s 00:48:36Z] PROBE: spinning NVIDIA A100-SXM4-80GB COMMUNITY/interruptible=True with 60s deadline
[t=    0.0s 00:48:36Z] create_pod request: gpu=NVIDIA A100-SXM4-80GB image=runpod/pytorch:2.1.0-py3.10-cuda12.1.1-devel-ubuntu22.04 cloud=COMMUNITY/interruptible=True
[t=    0.9s 00:48:37Z] create FAIL status=500 resp={'error': 'create pod: There are no longer any instances available with the request specifications. Please try again later.', 'status': 500}
[t=    0.9s 00:48:37Z] PROBE EXCEPTION: RuntimeError: pod create failed: status=500
[t=    0.0s 02:32:11Z] PROBE: spinning NVIDIA A100-SXM4-80GB SECURE/interruptible=False with 120s deadline
[t=    0.0s 02:32:11Z] create_pod request: gpu=NVIDIA A100-SXM4-80GB image=runpod/pytorch:2.1.0-py3.10-cuda12.1.1-devel-ubuntu22.04 cloud=SECURE/interruptible=False
[t=    1.5s 02:32:12Z] create OK id=44pw3zd8xvzb1q costPerHr=$1.49
[t=    1.5s 02:32:12Z] PROBE: pod created id=44pw3zd8xvzb1q; waiting for publicIp+ssh_port
[t=    2.0s 02:32:13Z] poll desiredStatus=RUNNING publicIp= ssh_port=None
[t=   17.4s 02:32:28Z] poll desiredStatus=RUNNING publicIp= ssh_port=None
[t=  104.4s 02:33:55Z] poll desiredStatus=RUNNING publicIp= ssh_port=None
[t=  120.0s 02:34:11Z] poll desiredStatus=RUNNING publicIp= ssh_port=None
[t=  135.0s 02:34:26Z] PROBE NO-GO: pod 44pw3zd8xvzb1q not RUNNING+SSH within 120s; tearing down
[t=  135.0s 02:34:26Z] DELETE pod 44pw3zd8xvzb1q
[t=  135.6s 02:34:26Z] delete returned status=204 resp={}
[t=  206.8s 02:35:37Z] pod 44pw3zd8xvzb1q confirmed terminated (404)
[t=  206.8s 02:35:37Z] PROBE: pod 44pw3zd8xvzb1q torn down
[t=    0.0s 02:35:38Z] PROBE: spinning NVIDIA A100 80GB PCIe SECURE/interruptible=False with 60s deadline
[t=    0.0s 02:35:38Z] create_pod request: gpu=NVIDIA A100 80GB PCIe image=runpod/pytorch:2.1.0-py3.10-cuda12.1.1-devel-ubuntu22.04 cloud=SECURE/interruptible=False
[t=    1.2s 02:35:39Z] create OK id=lo8iaa8hgrto1i costPerHr=$1.39
[t=    1.2s 02:35:39Z] PROBE: pod created id=lo8iaa8hgrto1i; waiting for publicIp+ssh_port
[t=    1.5s 02:35:39Z] poll desiredStatus=RUNNING publicIp= ssh_port=None
[t=   17.2s 02:35:55Z] poll desiredStatus=RUNNING publicIp= ssh_port=None
[t=   32.7s 02:36:10Z] poll desiredStatus=RUNNING publicIp= ssh_port=None
[t=  149.6s 02:38:07Z] PROBE NO-GO: pod lo8iaa8hgrto1i not RUNNING+SSH within 60s; tearing down
[t=  149.6s 02:38:07Z] DELETE pod lo8iaa8hgrto1i
[t=  150.2s 02:38:08Z] delete returned status=204 resp={}
[t=  155.5s 02:38:13Z] pod lo8iaa8hgrto1i confirmed terminated (404)
[t=  155.5s 02:38:13Z] PROBE: pod lo8iaa8hgrto1i torn down
[t=    0.0s 02:38:13Z] PROBE: spinning NVIDIA H100 80GB HBM3 SECURE/interruptible=False with 60s deadline
[t=    0.0s 02:38:13Z] create_pod request: gpu=NVIDIA H100 80GB HBM3 image=runpod/pytorch:2.1.0-py3.10-cuda12.1.1-devel-ubuntu22.04 cloud=SECURE/interruptible=False
[t=    0.6s 02:38:14Z] create FAIL status=500 resp={'error': 'create pod: There are no instances currently available', 'status': 500}
[t=    0.6s 02:38:14Z] PROBE EXCEPTION: RuntimeError: pod create failed: status=500
[t=    0.0s 02:38:14Z] PROBE: spinning NVIDIA H100 PCIe SECURE/interruptible=False with 60s deadline
[t=    0.0s 02:38:14Z] create_pod request: gpu=NVIDIA H100 PCIe image=runpod/pytorch:2.1.0-py3.10-cuda12.1.1-devel-ubuntu22.04 cloud=SECURE/interruptible=False
[t=    0.7s 02:38:15Z] create FAIL status=500 resp={'error': 'create pod: There are no instances currently available', 'status': 500}
[t=    0.7s 02:38:15Z] PROBE EXCEPTION: RuntimeError: pod create failed: status=500
[t=    0.0s 02:38:15Z] PROBE: spinning NVIDIA A100-SXM4-80GB COMMUNITY/interruptible=True with 60s deadline
[t=    0.0s 02:38:15Z] create_pod request: gpu=NVIDIA A100-SXM4-80GB image=runpod/pytorch:2.1.0-py3.10-cuda12.1.1-devel-ubuntu22.04 cloud=COMMUNITY/interruptible=True
[t=    0.9s 02:38:16Z] create OK id=h83fhvf3uuhkmb costPerHr=$1.39
[t=    0.9s 02:38:16Z] PROBE: pod created id=h83fhvf3uuhkmb; waiting for publicIp+ssh_port
[t=    1.2s 02:38:16Z] poll desiredStatus=RUNNING publicIp= ssh_port=None
[t=   16.7s 02:38:32Z] poll desiredStatus=RUNNING publicIp= ssh_port=None
[t=   32.1s 02:38:47Z] poll desiredStatus=RUNNING publicIp= ssh_port=None
[t=  140.6s 02:40:35Z] PROBE NO-GO: pod h83fhvf3uuhkmb not RUNNING+SSH within 60s; tearing down
[t=  140.6s 02:40:35Z] DELETE pod h83fhvf3uuhkmb
[t=  141.3s 02:40:36Z] delete returned status=204 resp={}
[t=  146.8s 02:40:42Z] pod h83fhvf3uuhkmb confirmed terminated (404)
[t=  146.8s 02:40:42Z] PROBE: pod h83fhvf3uuhkmb torn down
[t=    0.0s 03:23:20Z] PROBE: spinning NVIDIA A100-SXM4-80GB SECURE/interruptible=False with 120s deadline
[t=    0.0s 03:23:20Z] create_pod request: gpu=NVIDIA A100-SXM4-80GB image=runpod/pytorch:2.1.0-py3.10-cuda12.1.1-devel-ubuntu22.04 cloud=SECURE/interruptible=False
[t=    1.2s 03:23:22Z] create OK id=vpe8kifb4ut5v4 costPerHr=$1.49
[t=    1.2s 03:23:22Z] PROBE: pod created id=vpe8kifb4ut5v4; waiting for publicIp+ssh_port
[t=    1.5s 03:23:22Z] poll desiredStatus=RUNNING publicIp= ssh_port=None
[t=   16.9s 03:23:37Z] poll desiredStatus=RUNNING publicIp= ssh_port=None
[t=   32.3s 03:23:53Z] poll desiredStatus=RUNNING publicIp= ssh_port=None
[t=   47.7s 03:24:08Z] poll desiredStatus=RUNNING publicIp= ssh_port=None
[t=   63.1s 03:24:24Z] poll desiredStatus=RUNNING publicIp= ssh_port=None
[t=   78.7s 03:24:39Z] poll desiredStatus=RUNNING publicIp= ssh_port=None
[t=   94.1s 03:24:55Z] poll desiredStatus=RUNNING publicIp= ssh_port=None
[t=  109.6s 03:25:10Z] poll desiredStatus=RUNNING publicIp= ssh_port=None
[t=  124.6s 03:25:25Z] PROBE NO-GO: pod vpe8kifb4ut5v4 not RUNNING+SSH within 120s; tearing down
[t=  124.6s 03:25:25Z] DELETE pod vpe8kifb4ut5v4
[t=  125.2s 03:25:26Z] delete returned status=204 resp={}
[t=  130.5s 03:25:31Z] pod vpe8kifb4ut5v4 confirmed terminated (404)
[t=  130.5s 03:25:31Z] PROBE: pod vpe8kifb4ut5v4 torn down
[t=    0.0s 03:25:31Z] PROBE: spinning NVIDIA A100 80GB PCIe SECURE/interruptible=False with 60s deadline
[t=    0.0s 03:25:31Z] create_pod request: gpu=NVIDIA A100 80GB PCIe image=runpod/pytorch:2.1.0-py3.10-cuda12.1.1-devel-ubuntu22.04 cloud=SECURE/interruptible=False
[t=    1.2s 03:25:32Z] create OK id=d4uo1esaqvwnm4 costPerHr=$1.39
[t=    1.2s 03:25:32Z] PROBE: pod created id=d4uo1esaqvwnm4; waiting for publicIp+ssh_port
[t=    1.9s 03:25:33Z] poll desiredStatus=RUNNING publicIp= ssh_port=None
[t=   17.4s 03:25:49Z] poll desiredStatus=RUNNING publicIp= ssh_port=None
[t=   33.1s 03:26:04Z] poll desiredStatus=RUNNING publicIp= ssh_port=None
[t=   48.5s 03:26:20Z] poll desiredStatus=RUNNING publicIp= ssh_port=None
[t=   63.5s 03:26:35Z] PROBE NO-GO: pod d4uo1esaqvwnm4 not RUNNING+SSH within 60s; tearing down
[t=   63.5s 03:26:35Z] DELETE pod d4uo1esaqvwnm4
[t=   64.1s 03:26:35Z] delete returned status=204 resp={}
[t=   69.6s 03:26:41Z] pod d4uo1esaqvwnm4 confirmed terminated (404)
[t=   69.6s 03:26:41Z] PROBE: pod d4uo1esaqvwnm4 torn down
[t=    0.0s 03:26:41Z] PROBE: spinning NVIDIA H100 80GB HBM3 SECURE/interruptible=False with 60s deadline
[t=    0.0s 03:26:41Z] create_pod request: gpu=NVIDIA H100 80GB HBM3 image=runpod/pytorch:2.1.0-py3.10-cuda12.1.1-devel-ubuntu22.04 cloud=SECURE/interruptible=False
[t=    2.3s 03:26:43Z] create OK id=cd6ggqn7a9a8bf costPerHr=$2.99
[t=    2.3s 03:26:43Z] PROBE: pod created id=cd6ggqn7a9a8bf; waiting for publicIp+ssh_port
[t=    3.0s 03:26:44Z] poll desiredStatus=RUNNING publicIp= ssh_port=None
[t=   18.7s 03:27:00Z] poll desiredStatus=RUNNING publicIp= ssh_port=None
[t=   34.6s 03:27:16Z] poll desiredStatus=RUNNING publicIp= ssh_port=None
[t=   50.3s 03:27:31Z] poll desiredStatus=RUNNING publicIp= ssh_port=None
[t=   65.3s 03:27:46Z] PROBE NO-GO: pod cd6ggqn7a9a8bf not RUNNING+SSH within 60s; tearing down
[t=   65.3s 03:27:46Z] DELETE pod cd6ggqn7a9a8bf
[t=   65.9s 03:27:47Z] delete returned status=204 resp={}
[t=   71.2s 03:27:52Z] pod cd6ggqn7a9a8bf confirmed terminated (404)
[t=   71.2s 03:27:52Z] PROBE: pod cd6ggqn7a9a8bf torn down
[t=    0.0s 03:27:52Z] PROBE: spinning NVIDIA H100 PCIe SECURE/interruptible=False with 60s deadline
[t=    0.0s 03:27:52Z] create_pod request: gpu=NVIDIA H100 PCIe image=runpod/pytorch:2.1.0-py3.10-cuda12.1.1-devel-ubuntu22.04 cloud=SECURE/interruptible=False
[t=    0.7s 03:27:53Z] create FAIL status=500 resp={'error': 'create pod: There are no instances currently available', 'status': 500}
[t=    0.7s 03:27:53Z] PROBE EXCEPTION: RuntimeError: pod create failed: status=500
[t=    0.0s 03:27:53Z] PROBE: spinning NVIDIA A100-SXM4-80GB COMMUNITY/interruptible=True with 60s deadline
[t=    0.0s 03:27:53Z] create_pod request: gpu=NVIDIA A100-SXM4-80GB image=runpod/pytorch:2.1.0-py3.10-cuda12.1.1-devel-ubuntu22.04 cloud=COMMUNITY/interruptible=True
[t=    1.0s 03:27:54Z] create OK id=livzdpbjmu9mre costPerHr=$1.39
[t=    1.0s 03:27:54Z] PROBE: pod created id=livzdpbjmu9mre; waiting for publicIp+ssh_port
[t=    1.4s 03:27:55Z] poll desiredStatus=RUNNING publicIp= ssh_port=None
[t=   16.9s 03:28:10Z] poll desiredStatus=RUNNING publicIp= ssh_port=None
[t=   32.3s 03:28:26Z] poll desiredStatus=RUNNING publicIp= ssh_port=None
[t=   47.8s 03:28:41Z] poll desiredStatus=RUNNING publicIp= ssh_port=None
[t=   62.8s 03:28:56Z] PROBE NO-GO: pod livzdpbjmu9mre not RUNNING+SSH within 60s; tearing down
[t=   62.8s 03:28:56Z] DELETE pod livzdpbjmu9mre
[t=   63.5s 03:28:57Z] delete returned status=204 resp={}
[t=   68.9s 03:29:02Z] pod livzdpbjmu9mre confirmed terminated (404)
[t=   68.9s 03:29:02Z] PROBE: pod livzdpbjmu9mre torn down
[t=    0.0s 03:44:44Z] PROBE: spinning NVIDIA A100-SXM4-80GB SECURE/interruptible=False with 120s deadline
[t=    0.0s 03:44:44Z] create_pod request: gpu=NVIDIA A100-SXM4-80GB image=runpod/pytorch:2.1.0-py3.10-cuda12.1.1-devel-ubuntu22.04 cloud=SECURE/interruptible=False
[t=    1.3s 03:44:46Z] create OK id=0cn4dxg1cz9v77 costPerHr=$1.49
[t=    1.3s 03:44:46Z] PROBE: pod created id=0cn4dxg1cz9v77; waiting for publicIp+ssh_port
[t=    1.7s 03:44:46Z] poll desiredStatus=RUNNING publicIp= ssh_port=None
[t=   17.2s 03:45:01Z] poll desiredStatus=RUNNING publicIp= ssh_port=None
[t=   32.6s 03:45:17Z] poll desiredStatus=RUNNING publicIp= ssh_port=None
[t=   48.3s 03:45:33Z] poll desiredStatus=RUNNING publicIp= ssh_port=None
[t=   63.8s 03:45:48Z] poll desiredStatus=RUNNING publicIp= ssh_port=None
[t=   79.2s 03:46:04Z] poll desiredStatus=RUNNING publicIp= ssh_port=None
[t=   94.6s 03:46:19Z] poll desiredStatus=RUNNING publicIp= ssh_port=None
[t=  110.1s 03:46:34Z] poll desiredStatus=RUNNING publicIp= ssh_port=None
[t=  125.1s 03:46:49Z] PROBE NO-GO: pod 0cn4dxg1cz9v77 not RUNNING+SSH within 120s; tearing down
[t=  125.1s 03:46:49Z] DELETE pod 0cn4dxg1cz9v77
[t=  125.7s 03:46:50Z] delete returned status=204 resp={}
[t=  131.0s 03:46:55Z] pod 0cn4dxg1cz9v77 confirmed terminated (404)
[t=  131.0s 03:46:55Z] PROBE: pod 0cn4dxg1cz9v77 torn down
[t=    0.0s 03:46:55Z] PROBE: spinning NVIDIA A100 80GB PCIe SECURE/interruptible=False with 60s deadline
[t=    0.0s 03:46:55Z] create_pod request: gpu=NVIDIA A100 80GB PCIe image=runpod/pytorch:2.1.0-py3.10-cuda12.1.1-devel-ubuntu22.04 cloud=SECURE/interruptible=False
[t=    0.6s 03:46:56Z] create FAIL status=500 resp={'error': 'create pod: There are no instances currently available', 'status': 500}
[t=    0.6s 03:46:56Z] PROBE EXCEPTION: RuntimeError: pod create failed: status=500
[t=    0.0s 03:46:56Z] PROBE: spinning NVIDIA H100 80GB HBM3 SECURE/interruptible=False with 60s deadline
[t=    0.0s 03:46:56Z] create_pod request: gpu=NVIDIA H100 80GB HBM3 image=runpod/pytorch:2.1.0-py3.10-cuda12.1.1-devel-ubuntu22.04 cloud=SECURE/interruptible=False
[t=    0.6s 03:46:57Z] create FAIL status=500 resp={'error': 'create pod: There are no instances currently available', 'status': 500}
[t=    0.6s 03:46:57Z] PROBE EXCEPTION: RuntimeError: pod create failed: status=500
[t=    0.0s 03:46:57Z] PROBE: spinning NVIDIA H100 PCIe SECURE/interruptible=False with 60s deadline
[t=    0.0s 03:46:57Z] create_pod request: gpu=NVIDIA H100 PCIe image=runpod/pytorch:2.1.0-py3.10-cuda12.1.1-devel-ubuntu22.04 cloud=SECURE/interruptible=False
[t=    0.6s 03:46:58Z] create FAIL status=500 resp={'error': 'create pod: There are no instances currently available', 'status': 500}
[t=    0.6s 03:46:58Z] PROBE EXCEPTION: RuntimeError: pod create failed: status=500
[t=    0.0s 03:46:58Z] PROBE: spinning NVIDIA A100-SXM4-80GB COMMUNITY/interruptible=True with 60s deadline
[t=    0.0s 03:46:58Z] create_pod request: gpu=NVIDIA A100-SXM4-80GB image=runpod/pytorch:2.1.0-py3.10-cuda12.1.1-devel-ubuntu22.04 cloud=COMMUNITY/interruptible=True
[t=    0.8s 03:46:59Z] create OK id=uhqxgvneillimh costPerHr=$1.39
[t=    0.8s 03:46:59Z] PROBE: pod created id=uhqxgvneillimh; waiting for publicIp+ssh_port
[t=    1.2s 03:46:59Z] poll desiredStatus=RUNNING publicIp= ssh_port=None
[t=   16.7s 03:47:14Z] poll desiredStatus=RUNNING publicIp= ssh_port=None
[t=   32.2s 03:47:30Z] poll desiredStatus=RUNNING publicIp= ssh_port=None
[t=   47.7s 03:47:45Z] poll desiredStatus=RUNNING publicIp= ssh_port=None
[t=   62.7s 03:48:00Z] PROBE NO-GO: pod uhqxgvneillimh not RUNNING+SSH within 60s; tearing down
[t=   62.7s 03:48:00Z] DELETE pod uhqxgvneillimh
[t=   63.3s 03:48:01Z] delete returned status=204 resp={}
[t=   68.7s 03:48:06Z] pod uhqxgvneillimh confirmed terminated (404)
[t=   68.7s 03:48:06Z] PROBE: pod uhqxgvneillimh torn down
[t=    0.0s 04:14:45Z] PROBE: spinning NVIDIA A100-SXM4-80GB SECURE/interruptible=False with 120s deadline
[t=    0.0s 04:14:45Z] create_pod request: gpu=NVIDIA A100-SXM4-80GB image=runpod/pytorch:2.1.0-py3.10-cuda12.1.1-devel-ubuntu22.04 cloud=SECURE/interruptible=False
[t=    1.4s 04:14:46Z] create OK id=bqykgvzvwyqi8a costPerHr=$1.49
[t=    1.4s 04:14:46Z] PROBE: pod created id=bqykgvzvwyqi8a; waiting for publicIp+ssh_port
[t=    1.7s 04:14:47Z] poll desiredStatus=RUNNING publicIp= ssh_port=None
[t=   17.2s 04:15:02Z] poll desiredStatus=RUNNING publicIp= ssh_port=None
[t=   32.8s 04:15:18Z] poll desiredStatus=RUNNING publicIp= ssh_port=None
[t=   48.2s 04:15:33Z] poll desiredStatus=RUNNING publicIp= ssh_port=None
[t=   63.7s 04:15:49Z] poll desiredStatus=RUNNING publicIp= ssh_port=None
[t=   79.3s 04:16:04Z] poll desiredStatus=RUNNING publicIp= ssh_port=None
[t=   94.8s 04:16:20Z] poll desiredStatus=RUNNING publicIp= ssh_port=None
[t=  110.2s 04:16:35Z] poll desiredStatus=RUNNING publicIp= ssh_port=None
[t=  125.2s 04:16:50Z] PROBE NO-GO: pod bqykgvzvwyqi8a not RUNNING+SSH within 120s; tearing down
[t=  125.2s 04:16:50Z] DELETE pod bqykgvzvwyqi8a
[t=  125.9s 04:16:51Z] delete returned status=204 resp={}
[t=  131.2s 04:16:56Z] pod bqykgvzvwyqi8a confirmed terminated (404)
[t=  131.3s 04:16:56Z] PROBE: pod bqykgvzvwyqi8a torn down
[t=    0.0s 04:16:56Z] PROBE: spinning NVIDIA A100 80GB PCIe SECURE/interruptible=False with 60s deadline
[t=    0.0s 04:16:56Z] create_pod request: gpu=NVIDIA A100 80GB PCIe image=runpod/pytorch:2.1.0-py3.10-cuda12.1.1-devel-ubuntu22.04 cloud=SECURE/interruptible=False
[t=    0.6s 04:16:57Z] create FAIL status=500 resp={'error': 'create pod: There are no instances currently available', 'status': 500}
[t=    0.6s 04:16:57Z] PROBE EXCEPTION: RuntimeError: pod create failed: status=500
[t=    0.0s 04:16:57Z] PROBE: spinning NVIDIA H100 80GB HBM3 SECURE/interruptible=False with 60s deadline
[t=    0.0s 04:16:57Z] create_pod request: gpu=NVIDIA H100 80GB HBM3 image=runpod/pytorch:2.1.0-py3.10-cuda12.1.1-devel-ubuntu22.04 cloud=SECURE/interruptible=False
[t=    0.6s 04:16:58Z] create FAIL status=500 resp={'error': 'create pod: There are no instances currently available', 'status': 500}
[t=    0.6s 04:16:58Z] PROBE EXCEPTION: RuntimeError: pod create failed: status=500
[t=    0.0s 04:16:58Z] PROBE: spinning NVIDIA H100 PCIe SECURE/interruptible=False with 60s deadline
[t=    0.0s 04:16:58Z] create_pod request: gpu=NVIDIA H100 PCIe image=runpod/pytorch:2.1.0-py3.10-cuda12.1.1-devel-ubuntu22.04 cloud=SECURE/interruptible=False
[t=    0.7s 04:16:58Z] create FAIL status=500 resp={'error': 'create pod: There are no instances currently available', 'status': 500}
[t=    0.7s 04:16:58Z] PROBE EXCEPTION: RuntimeError: pod create failed: status=500
[t=    0.0s 04:16:59Z] PROBE: spinning NVIDIA A100-SXM4-80GB COMMUNITY/interruptible=True with 60s deadline
[t=    0.0s 04:16:59Z] create_pod request: gpu=NVIDIA A100-SXM4-80GB image=runpod/pytorch:2.1.0-py3.10-cuda12.1.1-devel-ubuntu22.04 cloud=COMMUNITY/interruptible=True
[t=    0.6s 04:16:59Z] create FAIL status=500 resp={'error': 'create pod: There are no longer any instances available with the request specifications. Please try again later.', 'status': 500}
[t=    0.6s 04:16:59Z] PROBE EXCEPTION: RuntimeError: pod create failed: status=500
[t=    0.0s 04:44:45Z] PROBE: spinning NVIDIA A100-SXM4-80GB SECURE/interruptible=False with 120s deadline
[t=    0.0s 04:44:45Z] create_pod request: gpu=NVIDIA A100-SXM4-80GB image=runpod/pytorch:2.1.0-py3.10-cuda12.1.1-devel-ubuntu22.04 cloud=SECURE/interruptible=False
[t=    1.3s 04:44:46Z] create OK id=bxi1ej76pg1oky costPerHr=$1.49
[t=    1.3s 04:44:46Z] PROBE: pod created id=bxi1ej76pg1oky; waiting for publicIp+ssh_port
[t=    1.6s 04:44:46Z] poll desiredStatus=RUNNING publicIp= ssh_port=None
[t=   17.1s 04:45:02Z] poll desiredStatus=RUNNING publicIp= ssh_port=None
[t=   32.5s 04:45:17Z] poll desiredStatus=RUNNING publicIp= ssh_port=None
[t=   47.9s 04:45:33Z] poll desiredStatus=RUNNING publicIp= ssh_port=None
[t=   63.4s 04:45:48Z] poll desiredStatus=RUNNING publicIp= ssh_port=None
[t=   78.8s 04:46:03Z] poll desiredStatus=RUNNING publicIp= ssh_port=None
[t=   94.3s 04:46:19Z] poll desiredStatus=RUNNING publicIp= ssh_port=None
[t=  109.7s 04:46:34Z] poll desiredStatus=RUNNING publicIp= ssh_port=None
[t=  124.7s 04:46:49Z] PROBE NO-GO: pod bxi1ej76pg1oky not RUNNING+SSH within 120s; tearing down
[t=  124.7s 04:46:49Z] DELETE pod bxi1ej76pg1oky
[t=  125.4s 04:46:50Z] delete returned status=204 resp={}
[t=  130.8s 04:46:55Z] pod bxi1ej76pg1oky confirmed terminated (404)
[t=  130.8s 04:46:55Z] PROBE: pod bxi1ej76pg1oky torn down
[t=    0.0s 04:46:56Z] PROBE: spinning NVIDIA A100 80GB PCIe SECURE/interruptible=False with 60s deadline
[t=    0.0s 04:46:56Z] create_pod request: gpu=NVIDIA A100 80GB PCIe image=runpod/pytorch:2.1.0-py3.10-cuda12.1.1-devel-ubuntu22.04 cloud=SECURE/interruptible=False
[t=    0.6s 04:46:56Z] create FAIL status=500 resp={'error': 'create pod: There are no instances currently available', 'status': 500}
[t=    0.6s 04:46:56Z] PROBE EXCEPTION: RuntimeError: pod create failed: status=500
[t=    0.0s 04:46:56Z] PROBE: spinning NVIDIA H100 80GB HBM3 SECURE/interruptible=False with 60s deadline
[t=    0.0s 04:46:56Z] create_pod request: gpu=NVIDIA H100 80GB HBM3 image=runpod/pytorch:2.1.0-py3.10-cuda12.1.1-devel-ubuntu22.04 cloud=SECURE/interruptible=False
[t=    1.4s 04:46:58Z] create OK id=v58wkdy81f8wua costPerHr=$2.99
[t=    1.4s 04:46:58Z] PROBE: pod created id=v58wkdy81f8wua; waiting for publicIp+ssh_port
[t=    2.0s 04:46:58Z] poll desiredStatus=RUNNING publicIp= ssh_port=None
[t=   17.8s 04:47:14Z] poll desiredStatus=RUNNING publicIp= ssh_port=None
[t=   33.6s 04:47:30Z] poll desiredStatus=RUNNING publicIp= ssh_port=None
[t=   49.4s 04:47:46Z] poll desiredStatus=RUNNING publicIp= ssh_port=None
[t=   64.4s 04:48:01Z] PROBE NO-GO: pod v58wkdy81f8wua not RUNNING+SSH within 60s; tearing down
[t=   64.4s 04:48:01Z] DELETE pod v58wkdy81f8wua
[t=   65.0s 04:48:01Z] delete returned status=204 resp={}
[t=   70.5s 04:48:07Z] pod v58wkdy81f8wua confirmed terminated (404)
[t=   70.5s 04:48:07Z] PROBE: pod v58wkdy81f8wua torn down
[t=    0.0s 04:48:07Z] PROBE: spinning NVIDIA H100 PCIe SECURE/interruptible=False with 60s deadline
[t=    0.0s 04:48:07Z] create_pod request: gpu=NVIDIA H100 PCIe image=runpod/pytorch:2.1.0-py3.10-cuda12.1.1-devel-ubuntu22.04 cloud=SECURE/interruptible=False
[t=    0.6s 04:48:08Z] create FAIL status=500 resp={'error': 'create pod: There are no instances currently available', 'status': 500}
[t=    0.6s 04:48:08Z] PROBE EXCEPTION: RuntimeError: pod create failed: status=500
[t=    0.0s 04:48:08Z] PROBE: spinning NVIDIA A100-SXM4-80GB COMMUNITY/interruptible=True with 60s deadline
[t=    0.0s 04:48:08Z] create_pod request: gpu=NVIDIA A100-SXM4-80GB image=runpod/pytorch:2.1.0-py3.10-cuda12.1.1-devel-ubuntu22.04 cloud=COMMUNITY/interruptible=True
[t=    1.0s 04:48:09Z] create OK id=jpfxovst579t5k costPerHr=$1.39
[t=    1.0s 04:48:09Z] PROBE: pod created id=jpfxovst579t5k; waiting for publicIp+ssh_port
[t=    1.3s 04:48:09Z] poll desiredStatus=RUNNING publicIp= ssh_port=None
[t=   16.8s 04:48:25Z] poll desiredStatus=RUNNING publicIp= ssh_port=None
[t=   32.3s 04:48:40Z] poll desiredStatus=RUNNING publicIp= ssh_port=None
[t=   47.7s 04:48:56Z] poll desiredStatus=RUNNING publicIp= ssh_port=None
[t=   62.7s 04:49:11Z] PROBE NO-GO: pod jpfxovst579t5k not RUNNING+SSH within 60s; tearing down
[t=   62.8s 04:49:11Z] DELETE pod jpfxovst579t5k
[t=   63.4s 04:49:11Z] delete returned status=204 resp={}
[t=   68.9s 04:49:17Z] pod jpfxovst579t5k confirmed terminated (404)
[t=   68.9s 04:49:17Z] PROBE: pod jpfxovst579t5k torn down
[t=    0.0s 05:14:46Z] PROBE: spinning NVIDIA A100-SXM4-80GB SECURE/interruptible=False with 120s deadline
[t=    0.0s 05:14:46Z] create_pod request: gpu=NVIDIA A100-SXM4-80GB image=runpod/pytorch:2.1.0-py3.10-cuda12.1.1-devel-ubuntu22.04 cloud=SECURE/interruptible=False
[t=    1.1s 05:14:47Z] create OK id=qqum3c7e44ffyi costPerHr=$1.49
[t=    1.1s 05:14:47Z] PROBE: pod created id=qqum3c7e44ffyi; waiting for publicIp+ssh_port
[t=    1.4s 05:14:47Z] poll desiredStatus=RUNNING publicIp= ssh_port=None
[t=   17.9s 05:15:04Z] poll desiredStatus=RUNNING publicIp= ssh_port=None
[t=   33.3s 05:15:19Z] poll desiredStatus=RUNNING publicIp= ssh_port=None
[t=   48.8s 05:15:35Z] poll desiredStatus=RUNNING publicIp= ssh_port=None
[t=   64.2s 05:15:50Z] poll desiredStatus=RUNNING publicIp= ssh_port=None
[t=   79.7s 05:16:05Z] poll desiredStatus=RUNNING publicIp= ssh_port=None
[t=   95.1s 05:16:21Z] poll desiredStatus=RUNNING publicIp= ssh_port=None
[t=  110.5s 05:16:36Z] poll desiredStatus=RUNNING publicIp= ssh_port=None
[t=  125.5s 05:16:51Z] PROBE NO-GO: pod qqum3c7e44ffyi not RUNNING+SSH within 120s; tearing down
[t=  125.5s 05:16:51Z] DELETE pod qqum3c7e44ffyi
[t=  126.1s 05:16:52Z] delete returned status=204 resp={}
[t=  131.5s 05:16:57Z] pod qqum3c7e44ffyi confirmed terminated (404)
[t=  131.5s 05:16:57Z] PROBE: pod qqum3c7e44ffyi torn down
[t=    0.0s 05:16:57Z] PROBE: spinning NVIDIA A100 80GB PCIe SECURE/interruptible=False with 60s deadline
[t=    0.0s 05:16:57Z] create_pod request: gpu=NVIDIA A100 80GB PCIe image=runpod/pytorch:2.1.0-py3.10-cuda12.1.1-devel-ubuntu22.04 cloud=SECURE/interruptible=False
[t=    0.6s 05:16:58Z] create FAIL status=500 resp={'error': 'create pod: There are no instances currently available', 'status': 500}
[t=    0.6s 05:16:58Z] PROBE EXCEPTION: RuntimeError: pod create failed: status=500
[t=    0.0s 05:16:58Z] PROBE: spinning NVIDIA H100 80GB HBM3 SECURE/interruptible=False with 60s deadline
[t=    0.0s 05:16:58Z] create_pod request: gpu=NVIDIA H100 80GB HBM3 image=runpod/pytorch:2.1.0-py3.10-cuda12.1.1-devel-ubuntu22.04 cloud=SECURE/interruptible=False
[t=    1.1s 05:16:59Z] create OK id=y8t3s1j2srd9ye costPerHr=$2.99
[t=    1.2s 05:16:59Z] PROBE: pod created id=y8t3s1j2srd9ye; waiting for publicIp+ssh_port
[t=    1.5s 05:17:00Z] poll desiredStatus=RUNNING publicIp= ssh_port=None
[t=   16.9s 05:17:15Z] poll desiredStatus=RUNNING publicIp= ssh_port=None
[t=   32.5s 05:17:31Z] poll desiredStatus=RUNNING publicIp= ssh_port=None
[t=   48.0s 05:17:46Z] poll desiredStatus=RUNNING publicIp= ssh_port=None
[t=   63.0s 05:18:01Z] PROBE NO-GO: pod y8t3s1j2srd9ye not RUNNING+SSH within 60s; tearing down
[t=   63.0s 05:18:01Z] DELETE pod y8t3s1j2srd9ye
[t=   63.5s 05:18:02Z] delete returned status=204 resp={}
[t=   68.9s 05:18:07Z] pod y8t3s1j2srd9ye confirmed terminated (404)
[t=   68.9s 05:18:07Z] PROBE: pod y8t3s1j2srd9ye torn down
[t=    0.0s 05:18:07Z] PROBE: spinning NVIDIA H100 PCIe SECURE/interruptible=False with 60s deadline
[t=    0.0s 05:18:07Z] create_pod request: gpu=NVIDIA H100 PCIe image=runpod/pytorch:2.1.0-py3.10-cuda12.1.1-devel-ubuntu22.04 cloud=SECURE/interruptible=False
[t=    0.6s 05:18:08Z] create FAIL status=500 resp={'error': 'create pod: There are no instances currently available', 'status': 500}
[t=    0.6s 05:18:08Z] PROBE EXCEPTION: RuntimeError: pod create failed: status=500
[t=    0.0s 05:18:08Z] PROBE: spinning NVIDIA A100-SXM4-80GB COMMUNITY/interruptible=True with 60s deadline
[t=    0.0s 05:18:08Z] create_pod request: gpu=NVIDIA A100-SXM4-80GB image=runpod/pytorch:2.1.0-py3.10-cuda12.1.1-devel-ubuntu22.04 cloud=COMMUNITY/interruptible=True
[t=    0.9s 05:18:09Z] create OK id=wtdqk3ie0kwl6c costPerHr=$1.39
[t=    0.9s 05:18:09Z] PROBE: pod created id=wtdqk3ie0kwl6c; waiting for publicIp+ssh_port
[t=    1.3s 05:18:09Z] poll desiredStatus=RUNNING publicIp= ssh_port=None
[t=   16.7s 05:18:25Z] poll desiredStatus=RUNNING publicIp= ssh_port=None
[t=   32.1s 05:18:40Z] poll desiredStatus=RUNNING publicIp= ssh_port=None
[t=   47.6s 05:18:56Z] poll desiredStatus=RUNNING publicIp= ssh_port=None
[t=   62.6s 05:19:11Z] PROBE NO-GO: pod wtdqk3ie0kwl6c not RUNNING+SSH within 60s; tearing down
[t=   62.6s 05:19:11Z] DELETE pod wtdqk3ie0kwl6c
[t=   63.2s 05:19:11Z] delete returned status=204 resp={}
[t=   68.6s 05:19:17Z] pod wtdqk3ie0kwl6c confirmed terminated (404)
[t=   68.6s 05:19:17Z] PROBE: pod wtdqk3ie0kwl6c torn down
[t=    0.0s 05:51:20Z] PROBE: spinning NVIDIA A100-SXM4-80GB SECURE/interruptible=False with 120s deadline
[t=    0.0s 05:51:20Z] create_pod request: gpu=NVIDIA A100-SXM4-80GB image=runpod/pytorch:2.1.0-py3.10-cuda12.1.1-devel-ubuntu22.04 cloud=SECURE/interruptible=False
[t=    0.7s 05:51:21Z] create FAIL status=500 resp={'error': 'create pod: There are no instances currently available', 'status': 500}
[t=    0.8s 05:51:21Z] PROBE EXCEPTION: RuntimeError: pod create failed: status=500
[t=    0.0s 05:51:21Z] PROBE: spinning NVIDIA A100 80GB PCIe SECURE/interruptible=False with 60s deadline
[t=    0.0s 05:51:21Z] create_pod request: gpu=NVIDIA A100 80GB PCIe image=runpod/pytorch:2.1.0-py3.10-cuda12.1.1-devel-ubuntu22.04 cloud=SECURE/interruptible=False
[t=    0.6s 05:51:22Z] create FAIL status=500 resp={'error': 'create pod: There are no instances currently available', 'status': 500}
[t=    0.6s 05:51:22Z] PROBE EXCEPTION: RuntimeError: pod create failed: status=500
[t=    0.0s 05:51:22Z] PROBE: spinning NVIDIA H100 80GB HBM3 SECURE/interruptible=False with 60s deadline
[t=    0.0s 05:51:22Z] create_pod request: gpu=NVIDIA H100 80GB HBM3 image=runpod/pytorch:2.1.0-py3.10-cuda12.1.1-devel-ubuntu22.04 cloud=SECURE/interruptible=False
[t=    1.3s 05:51:23Z] create OK id=512m8085na76qu costPerHr=$2.99
[t=    1.3s 05:51:23Z] PROBE: pod created id=512m8085na76qu; waiting for publicIp+ssh_port
[t=    1.9s 05:51:24Z] poll desiredStatus=RUNNING publicIp= ssh_port=None
[t=   17.4s 05:51:39Z] poll desiredStatus=RUNNING publicIp= ssh_port=None
[t=   45.8s 05:52:08Z] poll desiredStatus=RUNNING publicIp= ssh_port=None
[t=   61.5s 05:52:23Z] poll desiredStatus=RUNNING publicIp= ssh_port=None
[t=   76.5s 05:52:38Z] PROBE NO-GO: pod 512m8085na76qu not RUNNING+SSH within 60s; tearing down
[t=   76.5s 05:52:38Z] DELETE pod 512m8085na76qu
[t=   77.4s 05:52:39Z] delete returned status=204 resp={}
[t=   82.8s 05:52:45Z] pod 512m8085na76qu confirmed terminated (404)
[t=   82.8s 05:52:45Z] PROBE: pod 512m8085na76qu torn down
[t=    0.0s 05:52:45Z] PROBE: spinning NVIDIA H100 PCIe SECURE/interruptible=False with 60s deadline
[t=    0.0s 05:52:45Z] create_pod request: gpu=NVIDIA H100 PCIe image=runpod/pytorch:2.1.0-py3.10-cuda12.1.1-devel-ubuntu22.04 cloud=SECURE/interruptible=False
[t=    0.6s 05:52:46Z] create FAIL status=500 resp={'error': 'create pod: There are no instances currently available', 'status': 500}
[t=    0.6s 05:52:46Z] PROBE EXCEPTION: RuntimeError: pod create failed: status=500
[t=    0.0s 05:52:46Z] PROBE: spinning NVIDIA A100-SXM4-80GB COMMUNITY/interruptible=True with 60s deadline
[t=    0.0s 05:52:46Z] create_pod request: gpu=NVIDIA A100-SXM4-80GB image=runpod/pytorch:2.1.0-py3.10-cuda12.1.1-devel-ubuntu22.04 cloud=COMMUNITY/interruptible=True
[t=    0.9s 05:52:47Z] create OK id=ni01hyd76qbhg0 costPerHr=$1.39
[t=    0.9s 05:52:47Z] PROBE: pod created id=ni01hyd76qbhg0; waiting for publicIp+ssh_port
[t=    1.2s 05:52:47Z] poll desiredStatus=RUNNING publicIp= ssh_port=None
[t= 1938.4s 06:25:04Z] PROBE NO-GO: pod ni01hyd76qbhg0 not RUNNING+SSH within 60s; tearing down
[t= 1938.4s 06:25:04Z] DELETE pod ni01hyd76qbhg0
[t= 1939.0s 06:25:05Z] delete returned status=204 resp={}
[t= 1944.4s 06:25:10Z] pod ni01hyd76qbhg0 confirmed terminated (404)
[t= 1944.4s 06:25:10Z] PROBE: pod ni01hyd76qbhg0 torn down
[t=    0.0s 06:59:31Z] PROBE: spinning NVIDIA A100-SXM4-80GB SECURE/interruptible=False with 120s deadline
[t=    0.0s 06:59:31Z] create_pod request: gpu=NVIDIA A100-SXM4-80GB image=runpod/pytorch:2.1.0-py3.10-cuda12.1.1-devel-ubuntu22.04 cloud=SECURE/interruptible=False
[t=    1.2s 06:59:32Z] create OK id=q1soxc1pzahc3x costPerHr=$1.49
[t=    1.2s 06:59:32Z] PROBE: pod created id=q1soxc1pzahc3x; waiting for publicIp+ssh_port
[t=    1.5s 06:59:32Z] poll desiredStatus=RUNNING publicIp= ssh_port=None
[t= 1045.7s 07:16:56Z] PROBE NO-GO: pod q1soxc1pzahc3x not RUNNING+SSH within 120s; tearing down
[t= 1045.7s 07:16:56Z] DELETE pod q1soxc1pzahc3x
[t= 1046.4s 07:16:57Z] delete returned status=204 resp={}
[t= 1051.8s 07:17:02Z] pod q1soxc1pzahc3x confirmed terminated (404)
[t= 1051.8s 07:17:02Z] PROBE: pod q1soxc1pzahc3x torn down
[t=    0.0s 07:17:03Z] PROBE: spinning NVIDIA A100 80GB PCIe SECURE/interruptible=False with 60s deadline
[t=    0.0s 07:17:03Z] create_pod request: gpu=NVIDIA A100 80GB PCIe image=runpod/pytorch:2.1.0-py3.10-cuda12.1.1-devel-ubuntu22.04 cloud=SECURE/interruptible=False
[t=    0.6s 07:17:03Z] create FAIL status=500 resp={'error': 'create pod: There are no instances currently available', 'status': 500}
[t=    0.6s 07:17:03Z] PROBE EXCEPTION: RuntimeError: pod create failed: status=500
[t=    0.0s 07:17:03Z] PROBE: spinning NVIDIA H100 80GB HBM3 SECURE/interruptible=False with 60s deadline
[t=    0.0s 07:17:03Z] create_pod request: gpu=NVIDIA H100 80GB HBM3 image=runpod/pytorch:2.1.0-py3.10-cuda12.1.1-devel-ubuntu22.04 cloud=SECURE/interruptible=False
[t=    1.4s 07:17:05Z] create OK id=982w8qugjqo918 costPerHr=$2.99
[t=    1.4s 07:17:05Z] PROBE: pod created id=982w8qugjqo918; waiting for publicIp+ssh_port
[t=    1.9s 07:17:05Z] poll desiredStatus=RUNNING publicIp= ssh_port=None
[t=   17.5s 07:17:21Z] poll desiredStatus=RUNNING publicIp= ssh_port=None
[t=  588.8s 07:26:52Z] PROBE NO-GO: pod 982w8qugjqo918 not RUNNING+SSH within 60s; tearing down
[t=  588.8s 07:26:52Z] DELETE pod 982w8qugjqo918
[t=  589.5s 07:26:53Z] delete returned status=204 resp={}
[t=  594.9s 07:26:58Z] pod 982w8qugjqo918 confirmed terminated (404)
[t=  594.9s 07:26:58Z] PROBE: pod 982w8qugjqo918 torn down
[t=    0.0s 07:26:58Z] PROBE: spinning NVIDIA H100 PCIe SECURE/interruptible=False with 60s deadline
[t=    0.0s 07:26:58Z] create_pod request: gpu=NVIDIA H100 PCIe image=runpod/pytorch:2.1.0-py3.10-cuda12.1.1-devel-ubuntu22.04 cloud=SECURE/interruptible=False
[t=    0.6s 07:26:59Z] create FAIL status=500 resp={'error': 'create pod: There are no instances currently available', 'status': 500}
[t=    0.6s 07:26:59Z] PROBE EXCEPTION: RuntimeError: pod create failed: status=500
[t=    0.0s 07:26:59Z] PROBE: spinning NVIDIA A100-SXM4-80GB COMMUNITY/interruptible=True with 60s deadline
[t=    0.0s 07:26:59Z] create_pod request: gpu=NVIDIA A100-SXM4-80GB image=runpod/pytorch:2.1.0-py3.10-cuda12.1.1-devel-ubuntu22.04 cloud=COMMUNITY/interruptible=True
[t=    1.3s 07:27:00Z] create FAIL status=500 resp={'error': 'create pod: There are no longer any instances available with the request specifications. Please try again later.', 'status': 500}
[t=    1.3s 07:27:00Z] PROBE EXCEPTION: RuntimeError: pod create failed: status=500
[t=    0.0s 09:04:39Z] PROBE: spinning NVIDIA A100-SXM4-80GB SECURE/interruptible=False with 120s deadline
[t=    0.0s 09:04:39Z] create_pod request: gpu=NVIDIA A100-SXM4-80GB image=runpod/pytorch:2.1.0-py3.10-cuda12.1.1-devel-ubuntu22.04 cloud=SECURE/interruptible=False
[t=    0.7s 09:04:40Z] create FAIL status=500 resp={'error': 'create pod: There are no instances currently available', 'status': 500}
[t=    0.7s 09:04:40Z] PROBE EXCEPTION: RuntimeError: pod create failed: status=500
[t=    0.0s 09:04:40Z] PROBE: spinning NVIDIA A100 80GB PCIe SECURE/interruptible=False with 60s deadline
[t=    0.0s 09:04:40Z] create_pod request: gpu=NVIDIA A100 80GB PCIe image=runpod/pytorch:2.1.0-py3.10-cuda12.1.1-devel-ubuntu22.04 cloud=SECURE/interruptible=False
[t=    0.6s 09:04:41Z] create FAIL status=500 resp={'error': 'create pod: There are no instances currently available', 'status': 500}
[t=    0.6s 09:04:41Z] PROBE EXCEPTION: RuntimeError: pod create failed: status=500
[t=    0.0s 09:04:41Z] PROBE: spinning NVIDIA H100 80GB HBM3 SECURE/interruptible=False with 60s deadline
[t=    0.0s 09:04:41Z] create_pod request: gpu=NVIDIA H100 80GB HBM3 image=runpod/pytorch:2.1.0-py3.10-cuda12.1.1-devel-ubuntu22.04 cloud=SECURE/interruptible=False
[t=    0.6s 09:04:42Z] create FAIL status=500 resp={'error': 'create pod: There are no instances currently available', 'status': 500}
[t=    0.6s 09:04:42Z] PROBE EXCEPTION: RuntimeError: pod create failed: status=500
[t=    0.0s 09:04:42Z] PROBE: spinning NVIDIA H100 PCIe SECURE/interruptible=False with 60s deadline
[t=    0.0s 09:04:42Z] create_pod request: gpu=NVIDIA H100 PCIe image=runpod/pytorch:2.1.0-py3.10-cuda12.1.1-devel-ubuntu22.04 cloud=SECURE/interruptible=False
[t=    0.7s 09:04:42Z] create FAIL status=500 resp={'error': 'create pod: There are no instances currently available', 'status': 500}
[t=    0.7s 09:04:42Z] PROBE EXCEPTION: RuntimeError: pod create failed: status=500
[t=    0.0s 09:04:42Z] PROBE: spinning NVIDIA A100-SXM4-80GB COMMUNITY/interruptible=True with 60s deadline
[t=    0.0s 09:04:42Z] create_pod request: gpu=NVIDIA A100-SXM4-80GB image=runpod/pytorch:2.1.0-py3.10-cuda12.1.1-devel-ubuntu22.04 cloud=COMMUNITY/interruptible=True
[t=    0.5s 09:04:43Z] create FAIL status=500 resp={'error': 'create pod: There are no longer any instances available with the request specifications. Please try again later.', 'status': 500}
[t=    0.5s 09:04:43Z] PROBE EXCEPTION: RuntimeError: pod create failed: status=500
[t=    0.0s 09:16:21Z] PROBE: spinning NVIDIA A100-SXM4-80GB SECURE/interruptible=False with 120s deadline
[t=    0.0s 09:16:21Z] create_pod request: gpu=NVIDIA A100-SXM4-80GB image=runpod/pytorch:2.1.0-py3.10-cuda12.1.1-devel-ubuntu22.04 cloud=SECURE/interruptible=False
[t=    1.3s 09:16:22Z] create OK id=d06jbyjv37mst8 costPerHr=$1.49
[t=    1.3s 09:16:22Z] PROBE: pod created id=d06jbyjv37mst8; waiting for publicIp+ssh_port
[t=    1.6s 09:16:22Z] poll desiredStatus=RUNNING publicIp= ssh_port=None
[t=   17.1s 09:16:38Z] poll desiredStatus=RUNNING publicIp= ssh_port=None
[t=   32.6s 09:16:53Z] poll desiredStatus=RUNNING publicIp= ssh_port=None
[t=  160.7s 09:19:01Z] PROBE NO-GO: pod d06jbyjv37mst8 not RUNNING+SSH within 120s; tearing down
[t=  160.7s 09:19:01Z] DELETE pod d06jbyjv37mst8
[t=  161.4s 09:19:02Z] delete returned status=204 resp={}
[t=  166.7s 09:19:07Z] pod d06jbyjv37mst8 confirmed terminated (404)
[t=  166.7s 09:19:07Z] PROBE: pod d06jbyjv37mst8 torn down
[t=    0.0s 09:19:07Z] PROBE: spinning NVIDIA A100 80GB PCIe SECURE/interruptible=False with 60s deadline
[t=    0.0s 09:19:07Z] create_pod request: gpu=NVIDIA A100 80GB PCIe image=runpod/pytorch:2.1.0-py3.10-cuda12.1.1-devel-ubuntu22.04 cloud=SECURE/interruptible=False
[t=    1.2s 09:19:09Z] create OK id=asuhh3pjgy1kzf costPerHr=$1.39
[t=    1.2s 09:19:09Z] PROBE: pod created id=asuhh3pjgy1kzf; waiting for publicIp+ssh_port
[t=    1.6s 09:19:09Z] poll desiredStatus=RUNNING publicIp= ssh_port=None
[t=   17.0s 09:19:24Z] poll desiredStatus=RUNNING publicIp= ssh_port=None
[t=   98.8s 09:20:46Z] PROBE NO-GO: pod asuhh3pjgy1kzf not RUNNING+SSH within 60s; tearing down
[t=   98.8s 09:20:46Z] DELETE pod asuhh3pjgy1kzf
[t=   99.5s 09:20:47Z] delete returned status=204 resp={}
[t=  104.9s 09:20:52Z] pod asuhh3pjgy1kzf confirmed terminated (404)
[t=  104.9s 09:20:52Z] PROBE: pod asuhh3pjgy1kzf torn down
[t=    0.0s 09:20:53Z] PROBE: spinning NVIDIA H100 80GB HBM3 SECURE/interruptible=False with 60s deadline
[t=    0.0s 09:20:53Z] create_pod request: gpu=NVIDIA H100 80GB HBM3 image=runpod/pytorch:2.1.0-py3.10-cuda12.1.1-devel-ubuntu22.04 cloud=SECURE/interruptible=False
[t=    1.5s 09:20:54Z] create OK id=exsq5sptaiasdj costPerHr=$2.99
[t=    1.5s 09:20:54Z] PROBE: pod created id=exsq5sptaiasdj; waiting for publicIp+ssh_port
[t=    2.2s 09:20:55Z] poll desiredStatus=RUNNING publicIp= ssh_port=None
[t=   18.0s 09:21:11Z] poll desiredStatus=RUNNING publicIp= ssh_port=None
[t=   33.8s 09:21:26Z] poll desiredStatus=RUNNING publicIp= ssh_port=None
[t=  110.5s 09:22:43Z] PROBE NO-GO: pod exsq5sptaiasdj not RUNNING+SSH within 60s; tearing down
[t=  110.5s 09:22:43Z] DELETE pod exsq5sptaiasdj
[t=  111.2s 09:22:44Z] delete returned status=204 resp={}
[t=  116.6s 09:22:49Z] pod exsq5sptaiasdj confirmed terminated (404)
[t=  116.6s 09:22:49Z] PROBE: pod exsq5sptaiasdj torn down
[t=    0.0s 09:22:49Z] PROBE: spinning NVIDIA H100 PCIe SECURE/interruptible=False with 60s deadline
[t=    0.0s 09:22:49Z] create_pod request: gpu=NVIDIA H100 PCIe image=runpod/pytorch:2.1.0-py3.10-cuda12.1.1-devel-ubuntu22.04 cloud=SECURE/interruptible=False
[t=    0.6s 09:22:50Z] create FAIL status=500 resp={'error': 'create pod: There are no instances currently available', 'status': 500}
[t=    0.6s 09:22:50Z] PROBE EXCEPTION: RuntimeError: pod create failed: status=500
[t=    0.0s 09:22:50Z] PROBE: spinning NVIDIA A100-SXM4-80GB COMMUNITY/interruptible=True with 60s deadline
[t=    0.0s 09:22:50Z] create_pod request: gpu=NVIDIA A100-SXM4-80GB image=runpod/pytorch:2.1.0-py3.10-cuda12.1.1-devel-ubuntu22.04 cloud=COMMUNITY/interruptible=True
[t=    1.0s 09:22:51Z] create OK id=c628oyyo6shj5w costPerHr=$1.39
[t=    1.0s 09:22:51Z] PROBE: pod created id=c628oyyo6shj5w; waiting for publicIp+ssh_port
[t=    1.3s 09:22:51Z] poll desiredStatus=RUNNING publicIp= ssh_port=None
[t=   16.8s 09:23:07Z] poll desiredStatus=RUNNING publicIp= ssh_port=None
[t=  113.7s 09:24:44Z] PROBE NO-GO: pod c628oyyo6shj5w not RUNNING+SSH within 60s; tearing down
[t=  113.7s 09:24:44Z] DELETE pod c628oyyo6shj5w
[t=  114.3s 09:24:44Z] delete returned status=204 resp={}
[t=  119.7s 09:24:50Z] pod c628oyyo6shj5w confirmed terminated (404)
[t=  119.7s 09:24:50Z] PROBE: pod c628oyyo6shj5w torn down
[t=    0.0s 09:47:05Z] PROBE: spinning NVIDIA A100-SXM4-80GB SECURE/interruptible=False with 120s deadline
[t=    0.0s 09:47:05Z] create_pod request: gpu=NVIDIA A100-SXM4-80GB image=runpod/pytorch:2.1.0-py3.10-cuda12.1.1-devel-ubuntu22.04 cloud=SECURE/interruptible=False
[t=    1.2s 09:47:06Z] create OK id=cifiw8zfv4z70f costPerHr=$1.49
[t=    1.2s 09:47:06Z] PROBE: pod created id=cifiw8zfv4z70f; waiting for publicIp+ssh_port
[t=    1.6s 09:47:07Z] poll desiredStatus=RUNNING publicIp= ssh_port=None
[t=   17.5s 09:47:23Z] poll desiredStatus=RUNNING publicIp= ssh_port=None
[t=  166.5s 09:49:52Z] PROBE NO-GO: pod cifiw8zfv4z70f not RUNNING+SSH within 120s; tearing down
[t=  166.5s 09:49:52Z] DELETE pod cifiw8zfv4z70f
[t=  167.6s 09:49:53Z] delete returned status=204 resp={}
[t=  173.0s 09:49:58Z] pod cifiw8zfv4z70f confirmed terminated (404)
[t=  173.0s 09:49:58Z] PROBE: pod cifiw8zfv4z70f torn down
[t=    0.0s 09:49:58Z] PROBE: spinning NVIDIA A100 80GB PCIe SECURE/interruptible=False with 60s deadline
[t=    0.0s 09:49:58Z] create_pod request: gpu=NVIDIA A100 80GB PCIe image=runpod/pytorch:2.1.0-py3.10-cuda12.1.1-devel-ubuntu22.04 cloud=SECURE/interruptible=False
[t=    0.6s 09:49:59Z] create FAIL status=500 resp={'error': 'create pod: There are no instances currently available', 'status': 500}
[t=    0.6s 09:49:59Z] PROBE EXCEPTION: RuntimeError: pod create failed: status=500
[t=    0.0s 09:49:59Z] PROBE: spinning NVIDIA H100 80GB HBM3 SECURE/interruptible=False with 60s deadline
[t=    0.0s 09:49:59Z] create_pod request: gpu=NVIDIA H100 80GB HBM3 image=runpod/pytorch:2.1.0-py3.10-cuda12.1.1-devel-ubuntu22.04 cloud=SECURE/interruptible=False
[t=    1.2s 09:50:00Z] create OK id=zs94gfb745l5y4 costPerHr=$2.99
[t=    1.2s 09:50:00Z] PROBE: pod created id=zs94gfb745l5y4; waiting for publicIp+ssh_port
[t=    1.6s 09:50:01Z] poll desiredStatus=RUNNING publicIp= ssh_port=None
[t=   17.3s 09:50:16Z] poll desiredStatus=RUNNING publicIp= ssh_port=None
[t=   32.7s 09:50:32Z] poll desiredStatus=RUNNING publicIp= ssh_port=None
[t=  532.2s 09:58:51Z] PROBE NO-GO: pod zs94gfb745l5y4 not RUNNING+SSH within 60s; tearing down
[t=  532.2s 09:58:51Z] DELETE pod zs94gfb745l5y4
[t=  533.0s 09:58:52Z] delete returned status=204 resp={}
[t=  538.4s 09:58:58Z] pod zs94gfb745l5y4 confirmed terminated (404)
[t=  538.4s 09:58:58Z] PROBE: pod zs94gfb745l5y4 torn down
[t=    0.0s 09:58:58Z] PROBE: spinning NVIDIA H100 PCIe SECURE/interruptible=False with 60s deadline
[t=    0.0s 09:58:58Z] create_pod request: gpu=NVIDIA H100 PCIe image=runpod/pytorch:2.1.0-py3.10-cuda12.1.1-devel-ubuntu22.04 cloud=SECURE/interruptible=False
[t=    0.8s 09:58:59Z] create FAIL status=500 resp={'error': 'create pod: There are no instances currently available', 'status': 500}
[t=    0.8s 09:58:59Z] PROBE EXCEPTION: RuntimeError: pod create failed: status=500
[t=    0.0s 09:58:59Z] PROBE: spinning NVIDIA A100-SXM4-80GB COMMUNITY/interruptible=True with 60s deadline
[t=    0.0s 09:58:59Z] create_pod request: gpu=NVIDIA A100-SXM4-80GB image=runpod/pytorch:2.1.0-py3.10-cuda12.1.1-devel-ubuntu22.04 cloud=COMMUNITY/interruptible=True
[t=    1.2s 09:59:00Z] create OK id=8k0g2r08p1o1z4 costPerHr=$1.39
[t=    1.2s 09:59:00Z] PROBE: pod created id=8k0g2r08p1o1z4; waiting for publicIp+ssh_port
[t=    1.5s 09:59:00Z] poll desiredStatus=RUNNING publicIp= ssh_port=None
[t=   16.9s 09:59:16Z] poll desiredStatus=RUNNING publicIp= ssh_port=None
[t=  143.7s 10:01:23Z] PROBE NO-GO: pod 8k0g2r08p1o1z4 not RUNNING+SSH within 60s; tearing down
[t=  143.7s 10:01:23Z] DELETE pod 8k0g2r08p1o1z4
[t=  144.4s 10:01:23Z] delete returned status=204 resp={}
[t=  149.7s 10:01:29Z] pod 8k0g2r08p1o1z4 confirmed terminated (404)
[t=  149.7s 10:01:29Z] PROBE: pod 8k0g2r08p1o1z4 torn down
[t=    0.0s 10:17:26Z] PROBE: spinning NVIDIA A100-SXM4-80GB SECURE/interruptible=False with 120s deadline
[t=    0.0s 10:17:26Z] create_pod request: gpu=NVIDIA A100-SXM4-80GB image=runpod/pytorch:2.1.0-py3.10-cuda12.1.1-devel-ubuntu22.04 cloud=SECURE/interruptible=False
[t=    0.8s 10:17:26Z] create FAIL status=500 resp={'error': 'create pod: There are no instances currently available', 'status': 500}
[t=    0.8s 10:17:26Z] PROBE EXCEPTION: RuntimeError: pod create failed: status=500
[t=    0.0s 10:17:26Z] PROBE: spinning NVIDIA A100 80GB PCIe SECURE/interruptible=False with 60s deadline
[t=    0.0s 10:17:26Z] create_pod request: gpu=NVIDIA A100 80GB PCIe image=runpod/pytorch:2.1.0-py3.10-cuda12.1.1-devel-ubuntu22.04 cloud=SECURE/interruptible=False
[t=    0.6s 10:17:27Z] create FAIL status=500 resp={'error': 'create pod: There are no instances currently available', 'status': 500}
[t=    0.6s 10:17:27Z] PROBE EXCEPTION: RuntimeError: pod create failed: status=500
[t=    0.0s 10:17:27Z] PROBE: spinning NVIDIA H100 80GB HBM3 SECURE/interruptible=False with 60s deadline
[t=    0.0s 10:17:27Z] create_pod request: gpu=NVIDIA H100 80GB HBM3 image=runpod/pytorch:2.1.0-py3.10-cuda12.1.1-devel-ubuntu22.04 cloud=SECURE/interruptible=False
[t=    1.3s 10:17:28Z] create OK id=w6m3tff4rbiwme costPerHr=$2.99
[t=    1.3s 10:17:28Z] PROBE: pod created id=w6m3tff4rbiwme; waiting for publicIp+ssh_port
[t=    1.8s 10:17:29Z] poll desiredStatus=RUNNING publicIp= ssh_port=None
[t=   17.7s 10:17:45Z] poll desiredStatus=RUNNING publicIp= ssh_port=None
[t=  256.6s 10:21:44Z] PROBE NO-GO: pod w6m3tff4rbiwme not RUNNING+SSH within 60s; tearing down
[t=  256.6s 10:21:44Z] DELETE pod w6m3tff4rbiwme
[t=  257.2s 10:21:44Z] delete returned status=204 resp={}
[t=  262.6s 10:21:50Z] pod w6m3tff4rbiwme confirmed terminated (404)
[t=  262.6s 10:21:50Z] PROBE: pod w6m3tff4rbiwme torn down
[t=    0.0s 10:21:50Z] PROBE: spinning NVIDIA H100 PCIe SECURE/interruptible=False with 60s deadline
[t=    0.0s 10:21:50Z] create_pod request: gpu=NVIDIA H100 PCIe image=runpod/pytorch:2.1.0-py3.10-cuda12.1.1-devel-ubuntu22.04 cloud=SECURE/interruptible=False
[t=    0.6s 10:21:50Z] create FAIL status=500 resp={'error': 'create pod: There are no instances currently available', 'status': 500}
[t=    0.6s 10:21:50Z] PROBE EXCEPTION: RuntimeError: pod create failed: status=500
[t=    0.0s 10:21:51Z] PROBE: spinning NVIDIA A100-SXM4-80GB COMMUNITY/interruptible=True with 60s deadline
[t=    0.0s 10:21:51Z] create_pod request: gpu=NVIDIA A100-SXM4-80GB image=runpod/pytorch:2.1.0-py3.10-cuda12.1.1-devel-ubuntu22.04 cloud=COMMUNITY/interruptible=True
[t=    0.5s 10:21:51Z] create FAIL status=500 resp={'error': 'create pod: There are no longer any instances available with the request specifications. Please try again later.', 'status': 500}
[t=    0.5s 10:21:51Z] PROBE EXCEPTION: RuntimeError: pod create failed: status=500
[t=    0.0s 10:46:54Z] PROBE: spinning NVIDIA A100-SXM4-80GB SECURE/interruptible=False with 120s deadline
[t=    0.0s 10:46:54Z] create_pod request: gpu=NVIDIA A100-SXM4-80GB image=runpod/pytorch:2.1.0-py3.10-cuda12.1.1-devel-ubuntu22.04 cloud=SECURE/interruptible=False
[t=    1.2s 10:46:56Z] create OK id=9whrsk2mvy3207 costPerHr=$1.49
[t=    1.2s 10:46:56Z] PROBE: pod created id=9whrsk2mvy3207; waiting for publicIp+ssh_port
[t=    1.7s 10:46:56Z] poll desiredStatus=RUNNING publicIp= ssh_port=None
[t=   17.4s 10:47:12Z] poll desiredStatus=RUNNING publicIp= ssh_port=None
[t=   32.8s 10:47:27Z] poll desiredStatus=RUNNING publicIp= ssh_port=None
[t=  948.6s 11:02:43Z] PROBE NO-GO: pod 9whrsk2mvy3207 not RUNNING+SSH within 120s; tearing down
[t=  948.6s 11:02:43Z] DELETE pod 9whrsk2mvy3207
[t=  949.3s 11:02:44Z] delete returned status=204 resp={}
[t=  954.7s 11:02:49Z] pod 9whrsk2mvy3207 confirmed terminated (404)
[t=  954.7s 11:02:49Z] PROBE: pod 9whrsk2mvy3207 torn down
[t=    0.0s 11:02:49Z] PROBE: spinning NVIDIA A100 80GB PCIe SECURE/interruptible=False with 60s deadline
[t=    0.0s 11:02:49Z] create_pod request: gpu=NVIDIA A100 80GB PCIe image=runpod/pytorch:2.1.0-py3.10-cuda12.1.1-devel-ubuntu22.04 cloud=SECURE/interruptible=False
[t=    1.1s 11:02:50Z] create OK id=h0hpong6kt6vqp costPerHr=$1.39
[t=    1.1s 11:02:50Z] PROBE: pod created id=h0hpong6kt6vqp; waiting for publicIp+ssh_port
[t=    1.4s 11:02:51Z] poll desiredStatus=RUNNING publicIp= ssh_port=None
[t=   16.9s 11:03:06Z] poll desiredStatus=RUNNING publicIp= ssh_port=None
[t=  141.3s 11:05:11Z] PROBE NO-GO: pod h0hpong6kt6vqp not RUNNING+SSH within 60s; tearing down
[t=  141.3s 11:05:11Z] DELETE pod h0hpong6kt6vqp
[t=  141.9s 11:05:11Z] delete returned status=204 resp={}
[t=  147.2s 11:05:17Z] pod h0hpong6kt6vqp confirmed terminated (404)
[t=  147.2s 11:05:17Z] PROBE: pod h0hpong6kt6vqp torn down
[t=    0.0s 11:05:17Z] PROBE: spinning NVIDIA H100 80GB HBM3 SECURE/interruptible=False with 60s deadline
[t=    0.0s 11:05:17Z] create_pod request: gpu=NVIDIA H100 80GB HBM3 image=runpod/pytorch:2.1.0-py3.10-cuda12.1.1-devel-ubuntu22.04 cloud=SECURE/interruptible=False
[t=    1.8s 11:05:19Z] create OK id=yla3h9pqqi5wwp costPerHr=$2.99
[t=    1.8s 11:05:19Z] PROBE: pod created id=yla3h9pqqi5wwp; waiting for publicIp+ssh_port
[t=    2.3s 11:05:19Z] poll desiredStatus=RUNNING publicIp= ssh_port=None
[t=   18.3s 11:05:35Z] poll desiredStatus=RUNNING publicIp= ssh_port=None
[t=   33.9s 11:05:51Z] poll desiredStatus=RUNNING publicIp= ssh_port=None
[t=  337.9s 11:10:55Z] PROBE NO-GO: pod yla3h9pqqi5wwp not RUNNING+SSH within 60s; tearing down
[t=  337.9s 11:10:55Z] DELETE pod yla3h9pqqi5wwp
[t=  338.7s 11:10:55Z] delete returned status=204 resp={}
[t=  344.1s 11:11:01Z] pod yla3h9pqqi5wwp confirmed terminated (404)
[t=  344.1s 11:11:01Z] PROBE: pod yla3h9pqqi5wwp torn down
[t=    0.0s 11:11:01Z] PROBE: spinning NVIDIA H100 PCIe SECURE/interruptible=False with 60s deadline
[t=    0.0s 11:11:01Z] create_pod request: gpu=NVIDIA H100 PCIe image=runpod/pytorch:2.1.0-py3.10-cuda12.1.1-devel-ubuntu22.04 cloud=SECURE/interruptible=False
[t=    0.6s 11:11:02Z] create FAIL status=500 resp={'error': 'create pod: There are no instances currently available', 'status': 500}
[t=    0.6s 11:11:02Z] PROBE EXCEPTION: RuntimeError: pod create failed: status=500
[t=    0.0s 11:11:02Z] PROBE: spinning NVIDIA A100-SXM4-80GB COMMUNITY/interruptible=True with 60s deadline
[t=    0.0s 11:11:02Z] create_pod request: gpu=NVIDIA A100-SXM4-80GB image=runpod/pytorch:2.1.0-py3.10-cuda12.1.1-devel-ubuntu22.04 cloud=COMMUNITY/interruptible=True
[t=    1.1s 11:11:03Z] create OK id=vwib0e5brun32e costPerHr=$1.39
[t=    1.1s 11:11:03Z] PROBE: pod created id=vwib0e5brun32e; waiting for publicIp+ssh_port
[t=    1.4s 11:11:03Z] poll desiredStatus=RUNNING publicIp= ssh_port=None
[t=   17.0s 11:11:19Z] poll desiredStatus=RUNNING publicIp= ssh_port=None
[t=  210.6s 11:14:32Z] PROBE NO-GO: pod vwib0e5brun32e not RUNNING+SSH within 60s; tearing down
[t=  210.6s 11:14:32Z] DELETE pod vwib0e5brun32e
[t=  211.3s 11:14:33Z] delete returned status=204 resp={}
[t=  216.8s 11:14:39Z] pod vwib0e5brun32e confirmed terminated (404)
[t=  216.8s 11:14:39Z] PROBE: pod vwib0e5brun32e torn down
[t=    0.0s 12:05:47Z] PROBE: spinning NVIDIA A100-SXM4-80GB SECURE/interruptible=False with 120s deadline
[t=    0.0s 12:05:47Z] create_pod request: gpu=NVIDIA A100-SXM4-80GB image=runpod/pytorch:2.1.0-py3.10-cuda12.1.1-devel-ubuntu22.04 cloud=SECURE/interruptible=False
[t=    0.7s 12:05:48Z] create FAIL status=500 resp={'error': 'create pod: There are no instances currently available', 'status': 500}
[t=    0.7s 12:05:48Z] PROBE EXCEPTION: RuntimeError: pod create failed: status=500
[t=    0.0s 12:05:48Z] PROBE: spinning NVIDIA A100 80GB PCIe SECURE/interruptible=False with 60s deadline
[t=    0.0s 12:05:48Z] create_pod request: gpu=NVIDIA A100 80GB PCIe image=runpod/pytorch:2.1.0-py3.10-cuda12.1.1-devel-ubuntu22.04 cloud=SECURE/interruptible=False
[t=    1.2s 12:05:49Z] create OK id=02bvrupwwus8d9 costPerHr=$1.39
[t=    1.2s 12:05:49Z] PROBE: pod created id=02bvrupwwus8d9; waiting for publicIp+ssh_port
[t=    1.6s 12:05:49Z] poll desiredStatus=RUNNING publicIp= ssh_port=None
[t= 1037.6s 12:23:06Z] PROBE NO-GO: pod 02bvrupwwus8d9 not RUNNING+SSH within 60s; tearing down
[t= 1037.6s 12:23:06Z] DELETE pod 02bvrupwwus8d9
[t= 1038.4s 12:23:06Z] delete returned status=204 resp={}
[t= 1561.5s 12:31:49Z] pod 02bvrupwwus8d9 confirmed terminated (404)
[t= 1561.5s 12:31:49Z] PROBE: pod 02bvrupwwus8d9 torn down
[t=    0.0s 12:31:50Z] PROBE: spinning NVIDIA H100 80GB HBM3 SECURE/interruptible=False with 60s deadline
[t=    0.0s 12:31:50Z] create_pod request: gpu=NVIDIA H100 80GB HBM3 image=runpod/pytorch:2.1.0-py3.10-cuda12.1.1-devel-ubuntu22.04 cloud=SECURE/interruptible=False
[t=    1.4s 12:31:51Z] create OK id=oz1e3y4xjkx0up costPerHr=$2.99
[t=    1.4s 12:31:51Z] PROBE: pod created id=oz1e3y4xjkx0up; waiting for publicIp+ssh_port
[t=    2.0s 12:31:52Z] poll desiredStatus=RUNNING publicIp= ssh_port=None
[t=   17.8s 12:32:07Z] poll desiredStatus=RUNNING publicIp= ssh_port=None
[t=   33.6s 12:32:23Z] poll desiredStatus=RUNNING publicIp= ssh_port=None
[t=  139.2s 12:34:09Z] PROBE NO-GO: pod oz1e3y4xjkx0up not RUNNING+SSH within 60s; tearing down
[t=  139.2s 12:34:09Z] DELETE pod oz1e3y4xjkx0up
[t=  139.7s 12:34:09Z] delete returned status=204 resp={}
[t=  145.1s 12:34:15Z] pod oz1e3y4xjkx0up confirmed terminated (404)
[t=  145.1s 12:34:15Z] PROBE: pod oz1e3y4xjkx0up torn down
[t=    0.0s 12:34:15Z] PROBE: spinning NVIDIA H100 PCIe SECURE/interruptible=False with 60s deadline
[t=    0.0s 12:34:15Z] create_pod request: gpu=NVIDIA H100 PCIe image=runpod/pytorch:2.1.0-py3.10-cuda12.1.1-devel-ubuntu22.04 cloud=SECURE/interruptible=False
[t=    0.5s 12:34:15Z] create FAIL status=500 resp={'error': 'create pod: There are no instances currently available', 'status': 500}
[t=    0.5s 12:34:15Z] PROBE EXCEPTION: RuntimeError: pod create failed: status=500
[t=    0.0s 12:34:16Z] PROBE: spinning NVIDIA A100-SXM4-80GB COMMUNITY/interruptible=True with 60s deadline
[t=    0.0s 12:34:16Z] create_pod request: gpu=NVIDIA A100-SXM4-80GB image=runpod/pytorch:2.1.0-py3.10-cuda12.1.1-devel-ubuntu22.04 cloud=COMMUNITY/interruptible=True
[t=    0.6s 12:34:16Z] create FAIL status=500 resp={'error': 'create pod: There are no longer any instances available with the request specifications. Please try again later.', 'status': 500}
[t=    0.6s 12:34:16Z] PROBE EXCEPTION: RuntimeError: pod create failed: status=500
[t=    0.0s 12:46:14Z] PROBE: spinning NVIDIA A100-SXM4-80GB SECURE/interruptible=False with 120s deadline
[t=    0.0s 12:46:14Z] create_pod request: gpu=NVIDIA A100-SXM4-80GB image=runpod/pytorch:2.1.0-py3.10-cuda12.1.1-devel-ubuntu22.04 cloud=SECURE/interruptible=False
[t=    1.2s 12:46:15Z] create OK id=4srz7hv0i5o6cb costPerHr=$1.49
[t=    1.2s 12:46:15Z] PROBE: pod created id=4srz7hv0i5o6cb; waiting for publicIp+ssh_port
[t=    1.5s 12:46:16Z] poll desiredStatus=RUNNING publicIp= ssh_port=None
[t=   17.0s 12:46:31Z] poll desiredStatus=RUNNING publicIp= ssh_port=None
[t=   40.2s 12:46:54Z] poll desiredStatus=RUNNING publicIp= ssh_port=None
[t=   55.6s 12:47:10Z] poll desiredStatus=RUNNING publicIp= ssh_port=None
[t=   71.0s 12:47:25Z] poll desiredStatus=RUNNING publicIp= ssh_port=None
[t=   88.6s 12:47:43Z] poll desiredStatus=RUNNING publicIp= ssh_port=None
[t=  104.0s 12:47:58Z] poll desiredStatus=RUNNING publicIp= ssh_port=None
[t=  119.4s 12:48:14Z] poll desiredStatus=RUNNING publicIp= ssh_port=None
[t=  134.4s 12:48:29Z] PROBE NO-GO: pod 4srz7hv0i5o6cb not RUNNING+SSH within 120s; tearing down
[t=  134.5s 12:48:29Z] DELETE pod 4srz7hv0i5o6cb
[t=  136.6s 12:48:31Z] delete returned status=204 resp={}
[t=  142.0s 12:48:36Z] pod 4srz7hv0i5o6cb confirmed terminated (404)
[t=  142.0s 12:48:36Z] PROBE: pod 4srz7hv0i5o6cb torn down
[t=    0.0s 12:48:36Z] PROBE: spinning NVIDIA A100 80GB PCIe SECURE/interruptible=False with 60s deadline
[t=    0.0s 12:48:36Z] create_pod request: gpu=NVIDIA A100 80GB PCIe image=runpod/pytorch:2.1.0-py3.10-cuda12.1.1-devel-ubuntu22.04 cloud=SECURE/interruptible=False
[t=    0.7s 12:48:37Z] create FAIL status=500 resp={'error': 'create pod: There are no instances currently available', 'status': 500}
[t=    0.7s 12:48:37Z] PROBE EXCEPTION: RuntimeError: pod create failed: status=500
[t=    0.0s 12:48:37Z] PROBE: spinning NVIDIA H100 80GB HBM3 SECURE/interruptible=False with 60s deadline
[t=    0.0s 12:48:37Z] create_pod request: gpu=NVIDIA H100 80GB HBM3 image=runpod/pytorch:2.1.0-py3.10-cuda12.1.1-devel-ubuntu22.04 cloud=SECURE/interruptible=False
[t=    1.4s 12:48:39Z] create OK id=3kvn3wa34gucdp costPerHr=$2.99
[t=    1.4s 12:48:39Z] PROBE: pod created id=3kvn3wa34gucdp; waiting for publicIp+ssh_port
[t=    1.9s 12:48:39Z] poll desiredStatus=RUNNING publicIp= ssh_port=None
[t=   17.8s 12:48:55Z] poll desiredStatus=RUNNING publicIp= ssh_port=None
[t=   33.8s 12:49:11Z] poll desiredStatus=RUNNING publicIp= ssh_port=None
[t=  691.5s 13:00:09Z] PROBE NO-GO: pod 3kvn3wa34gucdp not RUNNING+SSH within 60s; tearing down
[t=  691.5s 13:00:09Z] DELETE pod 3kvn3wa34gucdp
[t=  692.2s 13:00:09Z] delete returned status=204 resp={}
[t=  697.6s 13:00:15Z] pod 3kvn3wa34gucdp confirmed terminated (404)
[t=  697.6s 13:00:15Z] PROBE: pod 3kvn3wa34gucdp torn down
[t=    0.0s 13:00:17Z] PROBE: spinning NVIDIA H100 PCIe SECURE/interruptible=False with 60s deadline
[t=    0.0s 13:00:17Z] create_pod request: gpu=NVIDIA H100 PCIe image=runpod/pytorch:2.1.0-py3.10-cuda12.1.1-devel-ubuntu22.04 cloud=SECURE/interruptible=False
[t=    0.9s 13:00:17Z] create FAIL status=500 resp={'error': 'create pod: There are no instances currently available', 'status': 500}
[t=    0.9s 13:00:17Z] PROBE EXCEPTION: RuntimeError: pod create failed: status=500
[t=    0.0s 13:00:18Z] PROBE: spinning NVIDIA A100-SXM4-80GB COMMUNITY/interruptible=True with 60s deadline
[t=    0.0s 13:00:18Z] create_pod request: gpu=NVIDIA A100-SXM4-80GB image=runpod/pytorch:2.1.0-py3.10-cuda12.1.1-devel-ubuntu22.04 cloud=COMMUNITY/interruptible=True
[t=    0.7s 13:00:18Z] create FAIL status=500 resp={'error': 'create pod: There are no longer any instances available with the request specifications. Please try again later.', 'status': 500}
[t=    0.7s 13:00:18Z] PROBE EXCEPTION: RuntimeError: pod create failed: status=500
[t=    0.0s 15:35:20Z] PROBE: spinning NVIDIA A100-SXM4-80GB SECURE/interruptible=False with 120s deadline
[t=    0.0s 15:35:20Z] create_pod request: gpu=NVIDIA A100-SXM4-80GB image=runpod/pytorch:2.1.0-py3.10-cuda12.1.1-devel-ubuntu22.04 cloud=SECURE/interruptible=False
[t=    1.3s 15:35:21Z] create OK id=m3rhn0fzak451e costPerHr=$1.49
[t=    1.3s 15:35:21Z] PROBE: pod created id=m3rhn0fzak451e; waiting for publicIp+ssh_port
[t=    1.6s 15:35:21Z] poll desiredStatus=RUNNING publicIp= ssh_port=None
[t=  956.5s 15:51:16Z] PROBE NO-GO: pod m3rhn0fzak451e not RUNNING+SSH within 120s; tearing down
[t=  956.5s 15:51:16Z] DELETE pod m3rhn0fzak451e
[t=  957.3s 15:51:17Z] delete returned status=204 resp={}
[t= 2013.4s 16:08:53Z] pod m3rhn0fzak451e confirmed terminated (404)
[t= 2013.4s 16:08:53Z] PROBE: pod m3rhn0fzak451e torn down
[t=    0.0s 16:08:53Z] PROBE: spinning NVIDIA A100 80GB PCIe SECURE/interruptible=False with 60s deadline
[t=    0.0s 16:08:53Z] create_pod request: gpu=NVIDIA A100 80GB PCIe image=runpod/pytorch:2.1.0-py3.10-cuda12.1.1-devel-ubuntu22.04 cloud=SECURE/interruptible=False
[t=    0.6s 16:08:54Z] create FAIL status=500 resp={'error': 'create pod: There are no instances currently available', 'status': 500}
[t=    0.6s 16:08:54Z] PROBE EXCEPTION: RuntimeError: pod create failed: status=500
[t=    0.0s 16:08:54Z] PROBE: spinning NVIDIA H100 80GB HBM3 SECURE/interruptible=False with 60s deadline
[t=    0.0s 16:08:54Z] create_pod request: gpu=NVIDIA H100 80GB HBM3 image=runpod/pytorch:2.1.0-py3.10-cuda12.1.1-devel-ubuntu22.04 cloud=SECURE/interruptible=False
[t=    0.6s 16:08:55Z] create FAIL status=500 resp={'error': 'create pod: There are no instances currently available', 'status': 500}
[t=    0.6s 16:08:55Z] PROBE EXCEPTION: RuntimeError: pod create failed: status=500
[t=    0.0s 16:08:55Z] PROBE: spinning NVIDIA H100 PCIe SECURE/interruptible=False with 60s deadline
[t=    0.0s 16:08:55Z] create_pod request: gpu=NVIDIA H100 PCIe image=runpod/pytorch:2.1.0-py3.10-cuda12.1.1-devel-ubuntu22.04 cloud=SECURE/interruptible=False
[t=    0.6s 16:08:55Z] create FAIL status=500 resp={'error': 'create pod: There are no instances currently available', 'status': 500}
[t=    0.6s 16:08:55Z] PROBE EXCEPTION: RuntimeError: pod create failed: status=500
[t=    0.0s 16:08:56Z] PROBE: spinning NVIDIA A100-SXM4-80GB COMMUNITY/interruptible=True with 60s deadline
[t=    0.0s 16:08:56Z] create_pod request: gpu=NVIDIA A100-SXM4-80GB image=runpod/pytorch:2.1.0-py3.10-cuda12.1.1-devel-ubuntu22.04 cloud=COMMUNITY/interruptible=True
[t=  991.0s 16:25:27Z] create FAIL status=500 resp={'error': 'create pod: There are no longer any instances available with the request specifications. Please try again later.', 'status': 500}
[t=  991.0s 16:25:27Z] PROBE EXCEPTION: RuntimeError: pod create failed: status=500
[t=    0.0s 16:55:39Z] PROBE: spinning NVIDIA A100-SXM4-80GB SECURE/interruptible=False with 120s deadline
[t=    0.0s 16:55:39Z] create_pod request: gpu=NVIDIA A100-SXM4-80GB image=runpod/pytorch:2.1.0-py3.10-cuda12.1.1-devel-ubuntu22.04 cloud=SECURE/interruptible=False
[t=    1.4s 16:55:41Z] create OK id=1oy6vws5eu6t3l costPerHr=$1.49
[t=    1.4s 16:55:41Z] PROBE: pod created id=1oy6vws5eu6t3l; waiting for publicIp+ssh_port
[t=    1.8s 16:55:41Z] poll desiredStatus=RUNNING publicIp= ssh_port=None
[t=   22.6s 16:56:02Z] poll desiredStatus=RUNNING publicIp= ssh_port=None
[t=   38.0s 16:56:17Z] poll desiredStatus=RUNNING publicIp= ssh_port=None
[t=   53.5s 16:56:33Z] poll desiredStatus=RUNNING publicIp= ssh_port=None
[t=   69.9s 16:56:49Z] poll desiredStatus=RUNNING publicIp= ssh_port=None
[t=   85.5s 16:57:05Z] poll desiredStatus=RUNNING publicIp= ssh_port=None
[t=  101.0s 16:57:20Z] poll desiredStatus=RUNNING publicIp= ssh_port=None
[t=  133.2s 16:57:52Z] PROBE NO-GO: pod 1oy6vws5eu6t3l not RUNNING+SSH within 120s; tearing down
[t=  133.2s 16:57:52Z] DELETE pod 1oy6vws5eu6t3l
[t=  133.8s 16:57:53Z] delete returned status=204 resp={}
[t=  139.2s 16:57:59Z] pod 1oy6vws5eu6t3l confirmed terminated (404)
[t=  139.2s 16:57:59Z] PROBE: pod 1oy6vws5eu6t3l torn down
[t=    0.0s 16:57:59Z] PROBE: spinning NVIDIA A100 80GB PCIe SECURE/interruptible=False with 60s deadline
[t=    0.0s 16:57:59Z] create_pod request: gpu=NVIDIA A100 80GB PCIe image=runpod/pytorch:2.1.0-py3.10-cuda12.1.1-devel-ubuntu22.04 cloud=SECURE/interruptible=False
[t=    0.7s 16:57:59Z] create FAIL status=500 resp={'error': 'create pod: There are no instances currently available', 'status': 500}
[t=    0.7s 16:57:59Z] PROBE EXCEPTION: RuntimeError: pod create failed: status=500
[t=    0.0s 16:58:00Z] PROBE: spinning NVIDIA H100 80GB HBM3 SECURE/interruptible=False with 60s deadline
[t=    0.0s 16:58:00Z] create_pod request: gpu=NVIDIA H100 80GB HBM3 image=runpod/pytorch:2.1.0-py3.10-cuda12.1.1-devel-ubuntu22.04 cloud=SECURE/interruptible=False
[t=    1.6s 16:58:01Z] create OK id=amu4qor04e62ux costPerHr=$2.99
[t=    1.6s 16:58:01Z] PROBE: pod created id=amu4qor04e62ux; waiting for publicIp+ssh_port
[t=    2.2s 16:58:02Z] poll desiredStatus=RUNNING publicIp= ssh_port=None
[t=   18.3s 16:58:18Z] poll desiredStatus=RUNNING publicIp= ssh_port=None
[t=   34.2s 16:58:34Z] poll desiredStatus=RUNNING publicIp= ssh_port=None
[t=   51.6s 16:58:51Z] poll desiredStatus=RUNNING publicIp= ssh_port=None
[t=   66.6s 16:59:06Z] PROBE NO-GO: pod amu4qor04e62ux not RUNNING+SSH within 60s; tearing down
[t=   66.6s 16:59:06Z] DELETE pod amu4qor04e62ux
[t=   67.4s 16:59:07Z] delete returned status=204 resp={}
[t=   73.0s 16:59:12Z] pod amu4qor04e62ux confirmed terminated (404)
[t=   73.0s 16:59:12Z] PROBE: pod amu4qor04e62ux torn down
[t=    0.0s 16:59:13Z] PROBE: spinning NVIDIA H100 PCIe SECURE/interruptible=False with 60s deadline
[t=    0.0s 16:59:13Z] create_pod request: gpu=NVIDIA H100 PCIe image=runpod/pytorch:2.1.0-py3.10-cuda12.1.1-devel-ubuntu22.04 cloud=SECURE/interruptible=False
[t=    0.5s 16:59:13Z] create FAIL status=500 resp={'error': 'create pod: There are no instances currently available', 'status': 500}
[t=    0.5s 16:59:13Z] PROBE EXCEPTION: RuntimeError: pod create failed: status=500
[t=    0.0s 16:59:13Z] PROBE: spinning NVIDIA A100-SXM4-80GB COMMUNITY/interruptible=True with 60s deadline
[t=    0.0s 16:59:13Z] create_pod request: gpu=NVIDIA A100-SXM4-80GB image=runpod/pytorch:2.1.0-py3.10-cuda12.1.1-devel-ubuntu22.04 cloud=COMMUNITY/interruptible=True
[t=    0.6s 16:59:14Z] create FAIL status=500 resp={'error': 'create pod: There are no longer any instances available with the request specifications. Please try again later.', 'status': 500}
[t=    0.6s 16:59:14Z] PROBE EXCEPTION: RuntimeError: pod create failed: status=500
[t=    0.0s 17:41:35Z] PROBE: spinning NVIDIA A100-SXM4-80GB SECURE/interruptible=False with 120s deadline
[t=    0.0s 17:41:35Z] create_pod request: gpu=NVIDIA A100-SXM4-80GB image=runpod/pytorch:2.1.0-py3.10-cuda12.1.1-devel-ubuntu22.04 cloud=SECURE/interruptible=False
[t=    1.4s 17:41:36Z] create OK id=p4tasnnkrhq8oz costPerHr=$1.49
[t=    1.4s 17:41:36Z] PROBE: pod created id=p4tasnnkrhq8oz; waiting for publicIp+ssh_port
[t=    1.7s 17:41:36Z] poll desiredStatus=RUNNING publicIp= ssh_port=None
[t=   17.7s 17:41:52Z] poll desiredStatus=RUNNING publicIp= ssh_port=None
[t=   33.2s 17:42:08Z] poll desiredStatus=RUNNING publicIp= ssh_port=None
[t=   49.0s 17:42:24Z] poll desiredStatus=RUNNING publicIp= ssh_port=None
[t=   64.5s 17:42:39Z] poll desiredStatus=RUNNING publicIp= ssh_port=None
[t=   80.4s 17:42:55Z] poll desiredStatus=RUNNING publicIp= ssh_port=None
[t=   96.3s 17:43:11Z] poll desiredStatus=RUNNING publicIp= ssh_port=None
[t=  111.9s 17:43:27Z] poll desiredStatus=RUNNING publicIp= ssh_port=None
[t=  126.9s 17:43:42Z] PROBE NO-GO: pod p4tasnnkrhq8oz not RUNNING+SSH within 120s; tearing down
[t=  126.9s 17:43:42Z] DELETE pod p4tasnnkrhq8oz
[t=  130.0s 17:43:45Z] delete returned status=204 resp={}
[t=  135.5s 17:43:50Z] pod p4tasnnkrhq8oz confirmed terminated (404)
[t=  135.5s 17:43:50Z] PROBE: pod p4tasnnkrhq8oz torn down
[t=    0.0s 17:43:51Z] PROBE: spinning NVIDIA A100 80GB PCIe SECURE/interruptible=False with 60s deadline
[t=    0.0s 17:43:51Z] create_pod request: gpu=NVIDIA A100 80GB PCIe image=runpod/pytorch:2.1.0-py3.10-cuda12.1.1-devel-ubuntu22.04 cloud=SECURE/interruptible=False
[t=    0.7s 17:43:51Z] create FAIL status=500 resp={'error': 'create pod: There are no instances currently available', 'status': 500}
[t=    0.7s 17:43:51Z] PROBE EXCEPTION: RuntimeError: pod create failed: status=500
[t=    0.0s 17:43:51Z] PROBE: spinning NVIDIA H100 80GB HBM3 SECURE/interruptible=False with 60s deadline
[t=    0.0s 17:43:51Z] create_pod request: gpu=NVIDIA H100 80GB HBM3 image=runpod/pytorch:2.1.0-py3.10-cuda12.1.1-devel-ubuntu22.04 cloud=SECURE/interruptible=False
[t=    1.9s 17:43:53Z] create OK id=aefy53iwk1hh8c costPerHr=$2.99
[t=    1.9s 17:43:53Z] PROBE: pod created id=aefy53iwk1hh8c; waiting for publicIp+ssh_port
[t=    2.6s 17:43:54Z] poll desiredStatus=RUNNING publicIp= ssh_port=None
[t=   18.3s 17:44:10Z] poll desiredStatus=RUNNING publicIp= ssh_port=None
[t=   33.9s 17:44:25Z] poll desiredStatus=RUNNING publicIp= ssh_port=None
[t=   49.8s 17:44:41Z] poll desiredStatus=RUNNING publicIp= ssh_port=None
[t=   64.8s 17:44:56Z] PROBE NO-GO: pod aefy53iwk1hh8c not RUNNING+SSH within 60s; tearing down
[t=   64.8s 17:44:56Z] DELETE pod aefy53iwk1hh8c
[t=   65.5s 17:44:57Z] delete returned status=204 resp={}
[t=   71.0s 17:45:02Z] pod aefy53iwk1hh8c confirmed terminated (404)
[t=   71.0s 17:45:02Z] PROBE: pod aefy53iwk1hh8c torn down
[t=    0.0s 17:45:03Z] PROBE: spinning NVIDIA H100 PCIe SECURE/interruptible=False with 60s deadline
[t=    0.0s 17:45:03Z] create_pod request: gpu=NVIDIA H100 PCIe image=runpod/pytorch:2.1.0-py3.10-cuda12.1.1-devel-ubuntu22.04 cloud=SECURE/interruptible=False
[t=    0.7s 17:45:03Z] create FAIL status=500 resp={'error': 'create pod: There are no instances currently available', 'status': 500}
[t=    0.7s 17:45:03Z] PROBE EXCEPTION: RuntimeError: pod create failed: status=500
[t=    0.0s 17:45:03Z] PROBE: spinning NVIDIA A100-SXM4-80GB COMMUNITY/interruptible=True with 60s deadline
[t=    0.0s 17:45:03Z] create_pod request: gpu=NVIDIA A100-SXM4-80GB image=runpod/pytorch:2.1.0-py3.10-cuda12.1.1-devel-ubuntu22.04 cloud=COMMUNITY/interruptible=True
[t=    0.6s 17:45:04Z] create FAIL status=500 resp={'error': 'create pod: There are no longer any instances available with the request specifications. Please try again later.', 'status': 500}
[t=    0.6s 17:45:04Z] PROBE EXCEPTION: RuntimeError: pod create failed: status=500
[t=    0.0s 18:44:46Z] PROBE: spinning NVIDIA A100-SXM4-80GB SECURE/interruptible=False with 120s deadline
[t=    0.0s 18:44:46Z] create_pod request: gpu=NVIDIA A100-SXM4-80GB image=runpod/pytorch:2.1.0-py3.10-cuda12.1.1-devel-ubuntu22.04 cloud=SECURE/interruptible=False
[t=    0.7s 18:44:46Z] create FAIL status=500 resp={'error': 'create pod: There are no instances currently available', 'status': 500}
[t=    0.7s 18:44:46Z] PROBE EXCEPTION: RuntimeError: pod create failed: status=500
[t=    0.0s 18:44:46Z] PROBE: spinning NVIDIA A100 80GB PCIe SECURE/interruptible=False with 60s deadline
[t=    0.0s 18:44:46Z] create_pod request: gpu=NVIDIA A100 80GB PCIe image=runpod/pytorch:2.1.0-py3.10-cuda12.1.1-devel-ubuntu22.04 cloud=SECURE/interruptible=False
[t=    0.5s 18:44:47Z] create FAIL status=500 resp={'error': 'create pod: There are no instances currently available', 'status': 500}
[t=    0.5s 18:44:47Z] PROBE EXCEPTION: RuntimeError: pod create failed: status=500
[t=    0.0s 18:44:47Z] PROBE: spinning NVIDIA H100 80GB HBM3 SECURE/interruptible=False with 60s deadline
[t=    0.0s 18:44:47Z] create_pod request: gpu=NVIDIA H100 80GB HBM3 image=runpod/pytorch:2.1.0-py3.10-cuda12.1.1-devel-ubuntu22.04 cloud=SECURE/interruptible=False
[t=    1.2s 18:44:48Z] create OK id=w2chx13g0ggn7o costPerHr=$2.99
[t=    1.2s 18:44:48Z] PROBE: pod created id=w2chx13g0ggn7o; waiting for publicIp+ssh_port
[t=    1.6s 18:44:49Z] poll desiredStatus=RUNNING publicIp= ssh_port=None
[t=   17.2s 18:45:04Z] poll desiredStatus=RUNNING publicIp= ssh_port=None
[t=   32.8s 18:45:20Z] poll desiredStatus=RUNNING publicIp= ssh_port=None
[t=   48.3s 18:45:35Z] poll desiredStatus=RUNNING publicIp= ssh_port=None
[t=   63.3s 18:45:50Z] PROBE NO-GO: pod w2chx13g0ggn7o not RUNNING+SSH within 60s; tearing down
[t=   63.3s 18:45:50Z] DELETE pod w2chx13g0ggn7o
[t=   63.9s 18:45:51Z] delete returned status=204 resp={}
[t=   69.2s 18:45:56Z] pod w2chx13g0ggn7o confirmed terminated (404)
[t=   69.2s 18:45:56Z] PROBE: pod w2chx13g0ggn7o torn down
[t=    0.0s 18:45:57Z] PROBE: spinning NVIDIA H100 PCIe SECURE/interruptible=False with 60s deadline
[t=    0.0s 18:45:57Z] create_pod request: gpu=NVIDIA H100 PCIe image=runpod/pytorch:2.1.0-py3.10-cuda12.1.1-devel-ubuntu22.04 cloud=SECURE/interruptible=False
[t=    0.6s 18:45:57Z] create FAIL status=500 resp={'error': 'create pod: There are no instances currently available', 'status': 500}
[t=    0.6s 18:45:57Z] PROBE EXCEPTION: RuntimeError: pod create failed: status=500
[t=    0.0s 18:45:57Z] PROBE: spinning NVIDIA A100-SXM4-80GB COMMUNITY/interruptible=True with 60s deadline
[t=    0.0s 18:45:57Z] create_pod request: gpu=NVIDIA A100-SXM4-80GB image=runpod/pytorch:2.1.0-py3.10-cuda12.1.1-devel-ubuntu22.04 cloud=COMMUNITY/interruptible=True
[t=    0.9s 18:45:58Z] create OK id=25gtsdwwzulufg costPerHr=$1.39
[t=    0.9s 18:45:58Z] PROBE: pod created id=25gtsdwwzulufg; waiting for publicIp+ssh_port
[t=    1.2s 18:45:59Z] poll desiredStatus=RUNNING publicIp= ssh_port=None
[t=   16.6s 18:46:14Z] poll desiredStatus=RUNNING publicIp= ssh_port=None
[t=   32.0s 18:46:29Z] poll desiredStatus=RUNNING publicIp= ssh_port=None
[t=   47.4s 18:46:45Z] poll desiredStatus=RUNNING publicIp= ssh_port=None
[t=   62.4s 18:47:00Z] PROBE NO-GO: pod 25gtsdwwzulufg not RUNNING+SSH within 60s; tearing down
[t=   62.4s 18:47:00Z] DELETE pod 25gtsdwwzulufg
[t=   63.2s 18:47:00Z] delete returned status=204 resp={}
[t=   68.5s 18:47:06Z] pod 25gtsdwwzulufg confirmed terminated (404)
[t=   68.5s 18:47:06Z] PROBE: pod 25gtsdwwzulufg torn down
[t=    0.0s 19:14:44Z] PROBE: spinning NVIDIA A100-SXM4-80GB SECURE/interruptible=False with 120s deadline
[t=    0.0s 19:14:44Z] create_pod request: gpu=NVIDIA A100-SXM4-80GB image=runpod/pytorch:2.1.0-py3.10-cuda12.1.1-devel-ubuntu22.04 cloud=SECURE/interruptible=False
[t=    1.1s 19:14:45Z] create OK id=k5wfpn0s9zt8p8 costPerHr=$1.49
[t=    1.1s 19:14:45Z] PROBE: pod created id=k5wfpn0s9zt8p8; waiting for publicIp+ssh_port
[t=    1.4s 19:14:46Z] poll desiredStatus=RUNNING publicIp= ssh_port=None
[t=   17.0s 19:15:01Z] poll desiredStatus=RUNNING publicIp= ssh_port=None
[t=   32.4s 19:15:17Z] poll desiredStatus=RUNNING publicIp= ssh_port=None
[t=   47.8s 19:15:32Z] poll desiredStatus=RUNNING publicIp= ssh_port=None
[t=   63.3s 19:15:48Z] poll desiredStatus=RUNNING publicIp= ssh_port=None
[t=   78.7s 19:16:03Z] poll desiredStatus=RUNNING publicIp= ssh_port=None
[t=   94.2s 19:16:19Z] poll desiredStatus=RUNNING publicIp= ssh_port=None
[t=  109.6s 19:16:34Z] poll desiredStatus=RUNNING publicIp= ssh_port=None
[t=  124.6s 19:16:49Z] PROBE NO-GO: pod k5wfpn0s9zt8p8 not RUNNING+SSH within 120s; tearing down
[t=  124.6s 19:16:49Z] DELETE pod k5wfpn0s9zt8p8
[t=  125.3s 19:16:50Z] delete returned status=204 resp={}
[t=  130.7s 19:16:55Z] pod k5wfpn0s9zt8p8 confirmed terminated (404)
[t=  130.7s 19:16:55Z] PROBE: pod k5wfpn0s9zt8p8 torn down
[t=    0.0s 19:16:55Z] PROBE: spinning NVIDIA A100 80GB PCIe SECURE/interruptible=False with 60s deadline
[t=    0.0s 19:16:55Z] create_pod request: gpu=NVIDIA A100 80GB PCIe image=runpod/pytorch:2.1.0-py3.10-cuda12.1.1-devel-ubuntu22.04 cloud=SECURE/interruptible=False
[t=    0.6s 19:16:56Z] create FAIL status=500 resp={'error': 'create pod: There are no instances currently available', 'status': 500}
[t=    0.6s 19:16:56Z] PROBE EXCEPTION: RuntimeError: pod create failed: status=500
[t=    0.0s 19:16:56Z] PROBE: spinning NVIDIA H100 80GB HBM3 SECURE/interruptible=False with 60s deadline
[t=    0.0s 19:16:56Z] create_pod request: gpu=NVIDIA H100 80GB HBM3 image=runpod/pytorch:2.1.0-py3.10-cuda12.1.1-devel-ubuntu22.04 cloud=SECURE/interruptible=False
[t=    0.5s 19:16:57Z] create FAIL status=500 resp={'error': 'create pod: There are no instances currently available', 'status': 500}
[t=    0.5s 19:16:57Z] PROBE EXCEPTION: RuntimeError: pod create failed: status=500
[t=    0.0s 19:16:57Z] PROBE: spinning NVIDIA H100 PCIe SECURE/interruptible=False with 60s deadline
[t=    0.0s 19:16:57Z] create_pod request: gpu=NVIDIA H100 PCIe image=runpod/pytorch:2.1.0-py3.10-cuda12.1.1-devel-ubuntu22.04 cloud=SECURE/interruptible=False
[t=    0.5s 19:16:57Z] create FAIL status=500 resp={'error': 'create pod: There are no instances currently available', 'status': 500}
[t=    0.5s 19:16:57Z] PROBE EXCEPTION: RuntimeError: pod create failed: status=500
[t=    0.0s 19:16:57Z] PROBE: spinning NVIDIA A100-SXM4-80GB COMMUNITY/interruptible=True with 60s deadline
[t=    0.0s 19:16:57Z] create_pod request: gpu=NVIDIA A100-SXM4-80GB image=runpod/pytorch:2.1.0-py3.10-cuda12.1.1-devel-ubuntu22.04 cloud=COMMUNITY/interruptible=True
[t=    0.5s 19:16:58Z] create FAIL status=500 resp={'error': 'create pod: There are no longer any instances available with the request specifications. Please try again later.', 'status': 500}
[t=    0.5s 19:16:58Z] PROBE EXCEPTION: RuntimeError: pod create failed: status=500
[t=    0.0s 19:44:46Z] PROBE: spinning NVIDIA A100-SXM4-80GB SECURE/interruptible=False with 120s deadline
[t=    0.0s 19:44:46Z] create_pod request: gpu=NVIDIA A100-SXM4-80GB image=runpod/pytorch:2.1.0-py3.10-cuda12.1.1-devel-ubuntu22.04 cloud=SECURE/interruptible=False
[t=    1.2s 19:44:47Z] create OK id=u4p5yabhczlo16 costPerHr=$1.49
[t=    1.2s 19:44:47Z] PROBE: pod created id=u4p5yabhczlo16; waiting for publicIp+ssh_port
[t=    1.5s 19:44:48Z] poll desiredStatus=RUNNING publicIp= ssh_port=None
[t=   17.2s 19:45:03Z] poll desiredStatus=RUNNING publicIp= ssh_port=None
[t=   32.6s 19:45:19Z] poll desiredStatus=RUNNING publicIp= ssh_port=None
[t=   47.9s 19:45:34Z] poll desiredStatus=RUNNING publicIp= ssh_port=None
[t=   63.2s 19:45:49Z] poll desiredStatus=RUNNING publicIp= ssh_port=None
[t=   78.6s 19:46:05Z] poll desiredStatus=RUNNING publicIp= ssh_port=None
[t=   94.1s 19:46:20Z] poll desiredStatus=RUNNING publicIp= ssh_port=None
[t=  109.5s 19:46:36Z] poll desiredStatus=RUNNING publicIp= ssh_port=None
[t=  124.5s 19:46:51Z] PROBE NO-GO: pod u4p5yabhczlo16 not RUNNING+SSH within 120s; tearing down
[t=  124.5s 19:46:51Z] DELETE pod u4p5yabhczlo16
[t=  125.0s 19:46:51Z] delete returned status=204 resp={}
[t=  130.3s 19:46:56Z] pod u4p5yabhczlo16 confirmed terminated (404)
[t=  130.3s 19:46:56Z] PROBE: pod u4p5yabhczlo16 torn down
[t=    0.0s 19:46:57Z] PROBE: spinning NVIDIA A100 80GB PCIe SECURE/interruptible=False with 60s deadline
[t=    0.0s 19:46:57Z] create_pod request: gpu=NVIDIA A100 80GB PCIe image=runpod/pytorch:2.1.0-py3.10-cuda12.1.1-devel-ubuntu22.04 cloud=SECURE/interruptible=False
[t=    1.1s 19:46:58Z] create OK id=lj4epo0cizp7yk costPerHr=$1.39
[t=    1.1s 19:46:58Z] PROBE: pod created id=lj4epo0cizp7yk; waiting for publicIp+ssh_port
[t=    1.4s 19:46:58Z] poll desiredStatus=RUNNING publicIp= ssh_port=None
[t=   16.9s 19:47:14Z] poll desiredStatus=RUNNING publicIp= ssh_port=None
[t=   32.3s 19:47:29Z] poll desiredStatus=RUNNING publicIp= ssh_port=None
[t=   47.8s 19:47:44Z] poll desiredStatus=RUNNING publicIp= ssh_port=None
[t=   62.8s 19:47:59Z] PROBE NO-GO: pod lj4epo0cizp7yk not RUNNING+SSH within 60s; tearing down
[t=   62.8s 19:47:59Z] DELETE pod lj4epo0cizp7yk
[t=   63.4s 19:48:00Z] delete returned status=204 resp={}
[t=   68.7s 19:48:05Z] pod lj4epo0cizp7yk confirmed terminated (404)
[t=   68.7s 19:48:05Z] PROBE: pod lj4epo0cizp7yk torn down
[t=    0.0s 19:48:06Z] PROBE: spinning NVIDIA H100 80GB HBM3 SECURE/interruptible=False with 60s deadline
[t=    0.0s 19:48:06Z] create_pod request: gpu=NVIDIA H100 80GB HBM3 image=runpod/pytorch:2.1.0-py3.10-cuda12.1.1-devel-ubuntu22.04 cloud=SECURE/interruptible=False
[t=    0.6s 19:48:06Z] create FAIL status=500 resp={'error': 'create pod: There are no instances currently available', 'status': 500}
[t=    0.6s 19:48:06Z] PROBE EXCEPTION: RuntimeError: pod create failed: status=500
[t=    0.0s 19:48:06Z] PROBE: spinning NVIDIA H100 PCIe SECURE/interruptible=False with 60s deadline
[t=    0.0s 19:48:06Z] create_pod request: gpu=NVIDIA H100 PCIe image=runpod/pytorch:2.1.0-py3.10-cuda12.1.1-devel-ubuntu22.04 cloud=SECURE/interruptible=False
[t=    0.6s 19:48:07Z] create FAIL status=500 resp={'error': 'create pod: There are no instances currently available', 'status': 500}
[t=    0.6s 19:48:07Z] PROBE EXCEPTION: RuntimeError: pod create failed: status=500
[t=    0.0s 19:48:07Z] PROBE: spinning NVIDIA A100-SXM4-80GB COMMUNITY/interruptible=True with 60s deadline
[t=    0.0s 19:48:07Z] create_pod request: gpu=NVIDIA A100-SXM4-80GB image=runpod/pytorch:2.1.0-py3.10-cuda12.1.1-devel-ubuntu22.04 cloud=COMMUNITY/interruptible=True
[t=    1.0s 19:48:08Z] create OK id=0bv2uvhs5yl6w5 costPerHr=$1.39
[t=    1.0s 19:48:08Z] PROBE: pod created id=0bv2uvhs5yl6w5; waiting for publicIp+ssh_port
[t=    1.4s 19:48:08Z] poll desiredStatus=RUNNING publicIp= ssh_port=None
[t=   16.8s 19:48:24Z] poll desiredStatus=RUNNING publicIp= ssh_port=None
[t=   32.2s 19:48:39Z] poll desiredStatus=RUNNING publicIp= ssh_port=None
[t=   47.6s 19:48:55Z] poll desiredStatus=RUNNING publicIp= ssh_port=None
[t=   62.6s 19:49:10Z] PROBE NO-GO: pod 0bv2uvhs5yl6w5 not RUNNING+SSH within 60s; tearing down
[t=   62.6s 19:49:10Z] DELETE pod 0bv2uvhs5yl6w5
[t=   63.1s 19:49:10Z] delete returned status=204 resp={}
[t=   68.5s 19:49:16Z] pod 0bv2uvhs5yl6w5 confirmed terminated (404)
[t=   68.5s 19:49:16Z] PROBE: pod 0bv2uvhs5yl6w5 torn down
[t=    0.0s 20:14:44Z] PROBE: spinning NVIDIA A100-SXM4-80GB SECURE/interruptible=False with 120s deadline
[t=    0.0s 20:14:44Z] create_pod request: gpu=NVIDIA A100-SXM4-80GB image=runpod/pytorch:2.1.0-py3.10-cuda12.1.1-devel-ubuntu22.04 cloud=SECURE/interruptible=False
[t=    0.6s 20:14:45Z] create FAIL status=500 resp={'error': 'create pod: There are no instances currently available', 'status': 500}
[t=    0.6s 20:14:45Z] PROBE EXCEPTION: RuntimeError: pod create failed: status=500
[t=    0.0s 20:14:45Z] PROBE: spinning NVIDIA A100 80GB PCIe SECURE/interruptible=False with 60s deadline
[t=    0.0s 20:14:45Z] create_pod request: gpu=NVIDIA A100 80GB PCIe image=runpod/pytorch:2.1.0-py3.10-cuda12.1.1-devel-ubuntu22.04 cloud=SECURE/interruptible=False
[t=    0.7s 20:14:46Z] create FAIL status=500 resp={'error': 'create pod: There are no instances currently available', 'status': 500}
[t=    0.7s 20:14:46Z] PROBE EXCEPTION: RuntimeError: pod create failed: status=500
[t=    0.0s 20:14:46Z] PROBE: spinning NVIDIA H100 80GB HBM3 SECURE/interruptible=False with 60s deadline
[t=    0.0s 20:14:46Z] create_pod request: gpu=NVIDIA H100 80GB HBM3 image=runpod/pytorch:2.1.0-py3.10-cuda12.1.1-devel-ubuntu22.04 cloud=SECURE/interruptible=False
[t=    0.5s 20:14:46Z] create FAIL status=500 resp={'error': 'create pod: There are no instances currently available', 'status': 500}
[t=    0.5s 20:14:46Z] PROBE EXCEPTION: RuntimeError: pod create failed: status=500
[t=    0.0s 20:14:47Z] PROBE: spinning NVIDIA H100 PCIe SECURE/interruptible=False with 60s deadline
[t=    0.0s 20:14:47Z] create_pod request: gpu=NVIDIA H100 PCIe image=runpod/pytorch:2.1.0-py3.10-cuda12.1.1-devel-ubuntu22.04 cloud=SECURE/interruptible=False
[t=    0.5s 20:14:47Z] create FAIL status=500 resp={'error': 'create pod: There are no instances currently available', 'status': 500}
[t=    0.5s 20:14:47Z] PROBE EXCEPTION: RuntimeError: pod create failed: status=500
[t=    0.0s 20:14:47Z] PROBE: spinning NVIDIA A100-SXM4-80GB COMMUNITY/interruptible=True with 60s deadline
[t=    0.0s 20:14:47Z] create_pod request: gpu=NVIDIA A100-SXM4-80GB image=runpod/pytorch:2.1.0-py3.10-cuda12.1.1-devel-ubuntu22.04 cloud=COMMUNITY/interruptible=True
[t=    0.5s 20:14:48Z] create FAIL status=500 resp={'error': 'create pod: There are no longer any instances available with the request specifications. Please try again later.', 'status': 500}
[t=    0.5s 20:14:48Z] PROBE EXCEPTION: RuntimeError: pod create failed: status=500
[t=    0.0s 20:44:45Z] PROBE: spinning NVIDIA A100-SXM4-80GB SECURE/interruptible=False with 120s deadline
[t=    0.0s 20:44:45Z] create_pod request: gpu=NVIDIA A100-SXM4-80GB image=runpod/pytorch:2.1.0-py3.10-cuda12.1.1-devel-ubuntu22.04 cloud=SECURE/interruptible=False
[t=    1.2s 20:44:46Z] create OK id=7i7nhes5uxrxl8 costPerHr=$1.49
[t=    1.2s 20:44:46Z] PROBE: pod created id=7i7nhes5uxrxl8; waiting for publicIp+ssh_port
[t=    1.5s 20:44:47Z] poll desiredStatus=RUNNING publicIp= ssh_port=None
[t=   16.8s 20:45:02Z] poll desiredStatus=RUNNING publicIp= ssh_port=None
[t=   32.2s 20:45:17Z] poll desiredStatus=RUNNING publicIp= ssh_port=None
[t=   47.6s 20:45:33Z] poll desiredStatus=RUNNING publicIp= ssh_port=None
[t=   62.9s 20:45:48Z] poll desiredStatus=RUNNING publicIp= ssh_port=None
[t=   78.3s 20:46:03Z] poll desiredStatus=RUNNING publicIp= ssh_port=None
[t=   93.7s 20:46:19Z] poll desiredStatus=RUNNING publicIp= ssh_port=None
[t=  109.0s 20:46:34Z] poll desiredStatus=RUNNING publicIp= ssh_port=None
[t=  124.0s 20:46:49Z] PROBE NO-GO: pod 7i7nhes5uxrxl8 not RUNNING+SSH within 120s; tearing down
[t=  124.0s 20:46:49Z] DELETE pod 7i7nhes5uxrxl8
[t=  124.6s 20:46:50Z] delete returned status=204 resp={}
[t=  129.9s 20:46:55Z] pod 7i7nhes5uxrxl8 confirmed terminated (404)
[t=  129.9s 20:46:55Z] PROBE: pod 7i7nhes5uxrxl8 torn down
[t=    0.0s 20:46:55Z] PROBE: spinning NVIDIA A100 80GB PCIe SECURE/interruptible=False with 60s deadline
[t=    0.0s 20:46:55Z] create_pod request: gpu=NVIDIA A100 80GB PCIe image=runpod/pytorch:2.1.0-py3.10-cuda12.1.1-devel-ubuntu22.04 cloud=SECURE/interruptible=False
[t=    0.6s 20:46:56Z] create FAIL status=500 resp={'error': 'create pod: There are no instances currently available', 'status': 500}
[t=    0.6s 20:46:56Z] PROBE EXCEPTION: RuntimeError: pod create failed: status=500
[t=    0.0s 20:46:56Z] PROBE: spinning NVIDIA H100 80GB HBM3 SECURE/interruptible=False with 60s deadline
[t=    0.0s 20:46:56Z] create_pod request: gpu=NVIDIA H100 80GB HBM3 image=runpod/pytorch:2.1.0-py3.10-cuda12.1.1-devel-ubuntu22.04 cloud=SECURE/interruptible=False
[t=    0.6s 20:46:57Z] create FAIL status=500 resp={'error': 'create pod: There are no instances currently available', 'status': 500}
[t=    0.6s 20:46:57Z] PROBE EXCEPTION: RuntimeError: pod create failed: status=500
[t=    0.0s 20:46:57Z] PROBE: spinning NVIDIA H100 PCIe SECURE/interruptible=False with 60s deadline
[t=    0.0s 20:46:57Z] create_pod request: gpu=NVIDIA H100 PCIe image=runpod/pytorch:2.1.0-py3.10-cuda12.1.1-devel-ubuntu22.04 cloud=SECURE/interruptible=False
[t=    0.6s 20:46:57Z] create FAIL status=500 resp={'error': 'create pod: There are no instances currently available', 'status': 500}
[t=    0.6s 20:46:57Z] PROBE EXCEPTION: RuntimeError: pod create failed: status=500
[t=    0.0s 20:46:57Z] PROBE: spinning NVIDIA A100-SXM4-80GB COMMUNITY/interruptible=True with 60s deadline
[t=    0.0s 20:46:57Z] create_pod request: gpu=NVIDIA A100-SXM4-80GB image=runpod/pytorch:2.1.0-py3.10-cuda12.1.1-devel-ubuntu22.04 cloud=COMMUNITY/interruptible=True
[t=    0.9s 20:46:58Z] create OK id=730jgdtz3cv2s8 costPerHr=$1.39
[t=    0.9s 20:46:58Z] PROBE: pod created id=730jgdtz3cv2s8; waiting for publicIp+ssh_port
[t=    1.3s 20:46:59Z] poll desiredStatus=RUNNING publicIp= ssh_port=None
[t=   16.7s 20:47:14Z] poll desiredStatus=RUNNING publicIp= ssh_port=None
[t=   32.1s 20:47:29Z] poll desiredStatus=RUNNING publicIp= ssh_port=None
[t=   47.5s 20:47:45Z] poll desiredStatus=RUNNING publicIp= ssh_port=None
[t=   62.5s 20:48:00Z] PROBE NO-GO: pod 730jgdtz3cv2s8 not RUNNING+SSH within 60s; tearing down
[t=   62.5s 20:48:00Z] DELETE pod 730jgdtz3cv2s8
[t=   63.1s 20:48:01Z] delete returned status=204 resp={}
[t=   68.4s 20:48:06Z] pod 730jgdtz3cv2s8 confirmed terminated (404)
[t=   68.4s 20:48:06Z] PROBE: pod 730jgdtz3cv2s8 torn down
[t=    0.0s 21:14:44Z] PROBE: spinning NVIDIA A100-SXM4-80GB SECURE/interruptible=False with 120s deadline
[t=    0.0s 21:14:44Z] create_pod request: gpu=NVIDIA A100-SXM4-80GB image=runpod/pytorch:2.1.0-py3.10-cuda12.1.1-devel-ubuntu22.04 cloud=SECURE/interruptible=False
[t=    1.1s 21:14:45Z] create OK id=k5dwoo5yad3y54 costPerHr=$1.49
[t=    1.1s 21:14:45Z] PROBE: pod created id=k5dwoo5yad3y54; waiting for publicIp+ssh_port
[t=    1.5s 21:14:45Z] poll desiredStatus=RUNNING publicIp= ssh_port=None
[t=   16.8s 21:15:01Z] poll desiredStatus=RUNNING publicIp= ssh_port=None
[t=   32.2s 21:15:16Z] poll desiredStatus=RUNNING publicIp= ssh_port=None
[t=   47.5s 21:15:32Z] poll desiredStatus=RUNNING publicIp= ssh_port=None
[t=   62.9s 21:15:47Z] poll desiredStatus=RUNNING publicIp= ssh_port=None
[t=   78.3s 21:16:02Z] poll desiredStatus=RUNNING publicIp= ssh_port=None
[t=   93.6s 21:16:18Z] poll desiredStatus=RUNNING publicIp= ssh_port=None
[t=  109.0s 21:16:33Z] poll desiredStatus=RUNNING publicIp= ssh_port=None
[t=  124.0s 21:16:48Z] PROBE NO-GO: pod k5dwoo5yad3y54 not RUNNING+SSH within 120s; tearing down
[t=  124.1s 21:16:48Z] DELETE pod k5dwoo5yad3y54
[t=  124.7s 21:16:49Z] delete returned status=204 resp={}
[t=  130.0s 21:16:54Z] pod k5dwoo5yad3y54 confirmed terminated (404)
[t=  130.0s 21:16:54Z] PROBE: pod k5dwoo5yad3y54 torn down
[t=    0.0s 21:16:54Z] PROBE: spinning NVIDIA A100 80GB PCIe SECURE/interruptible=False with 60s deadline
[t=    0.0s 21:16:54Z] create_pod request: gpu=NVIDIA A100 80GB PCIe image=runpod/pytorch:2.1.0-py3.10-cuda12.1.1-devel-ubuntu22.04 cloud=SECURE/interruptible=False
[t=    0.6s 21:16:55Z] create FAIL status=500 resp={'error': 'create pod: There are no instances currently available', 'status': 500}
[t=    0.6s 21:16:55Z] PROBE EXCEPTION: RuntimeError: pod create failed: status=500
[t=    0.0s 21:16:55Z] PROBE: spinning NVIDIA H100 80GB HBM3 SECURE/interruptible=False with 60s deadline
[t=    0.0s 21:16:55Z] create_pod request: gpu=NVIDIA H100 80GB HBM3 image=runpod/pytorch:2.1.0-py3.10-cuda12.1.1-devel-ubuntu22.04 cloud=SECURE/interruptible=False
[t=    1.6s 21:16:56Z] create OK id=1ck336l7ico10h costPerHr=$2.99
[t=    1.6s 21:16:56Z] PROBE: pod created id=1ck336l7ico10h; waiting for publicIp+ssh_port
[t=    2.0s 21:16:57Z] poll desiredStatus=RUNNING publicIp= ssh_port=None
[t=   18.0s 21:17:13Z] poll desiredStatus=RUNNING publicIp= ssh_port=None
[t=   33.7s 21:17:29Z] poll desiredStatus=RUNNING publicIp= ssh_port=None
[t=   49.4s 21:17:44Z] poll desiredStatus=RUNNING publicIp= ssh_port=None
[t=   64.4s 21:17:59Z] PROBE NO-GO: pod 1ck336l7ico10h not RUNNING+SSH within 60s; tearing down
[t=   64.4s 21:17:59Z] DELETE pod 1ck336l7ico10h
[t=   65.0s 21:18:00Z] delete returned status=204 resp={}
[t=   70.4s 21:18:05Z] pod 1ck336l7ico10h confirmed terminated (404)
[t=   70.4s 21:18:05Z] PROBE: pod 1ck336l7ico10h torn down
[t=    0.0s 21:18:06Z] PROBE: spinning NVIDIA H100 PCIe SECURE/interruptible=False with 60s deadline
[t=    0.0s 21:18:06Z] create_pod request: gpu=NVIDIA H100 PCIe image=runpod/pytorch:2.1.0-py3.10-cuda12.1.1-devel-ubuntu22.04 cloud=SECURE/interruptible=False
[t=    0.6s 21:18:06Z] create FAIL status=500 resp={'error': 'create pod: There are no instances currently available', 'status': 500}
[t=    0.6s 21:18:06Z] PROBE EXCEPTION: RuntimeError: pod create failed: status=500
[t=    0.0s 21:18:06Z] PROBE: spinning NVIDIA A100-SXM4-80GB COMMUNITY/interruptible=True with 60s deadline
[t=    0.0s 21:18:06Z] create_pod request: gpu=NVIDIA A100-SXM4-80GB image=runpod/pytorch:2.1.0-py3.10-cuda12.1.1-devel-ubuntu22.04 cloud=COMMUNITY/interruptible=True
[t=    1.0s 21:18:07Z] create OK id=t33c2o7us1noq4 costPerHr=$1.39
[t=    1.0s 21:18:07Z] PROBE: pod created id=t33c2o7us1noq4; waiting for publicIp+ssh_port
[t=    1.3s 21:18:08Z] poll desiredStatus=RUNNING publicIp= ssh_port=None
[t=   16.6s 21:18:23Z] poll desiredStatus=RUNNING publicIp= ssh_port=None
[t=   32.0s 21:18:38Z] poll desiredStatus=RUNNING publicIp= ssh_port=None
[t=   47.4s 21:18:54Z] poll desiredStatus=RUNNING publicIp= ssh_port=None
[t=   62.4s 21:19:09Z] PROBE NO-GO: pod t33c2o7us1noq4 not RUNNING+SSH within 60s; tearing down
[t=   62.4s 21:19:09Z] DELETE pod t33c2o7us1noq4
[t=   62.9s 21:19:09Z] delete returned status=204 resp={}
[t=   68.2s 21:19:14Z] pod t33c2o7us1noq4 confirmed terminated (404)
[t=   68.2s 21:19:14Z] PROBE: pod t33c2o7us1noq4 torn down
[t=    0.0s 21:44:45Z] PROBE: spinning NVIDIA A100-SXM4-80GB SECURE/interruptible=False with 120s deadline
[t=    0.0s 21:44:45Z] create_pod request: gpu=NVIDIA A100-SXM4-80GB image=runpod/pytorch:2.1.0-py3.10-cuda12.1.1-devel-ubuntu22.04 cloud=SECURE/interruptible=False
[t=    1.2s 21:44:46Z] create OK id=3z5nmt51v95gw3 costPerHr=$1.49
[t=    1.2s 21:44:46Z] PROBE: pod created id=3z5nmt51v95gw3; waiting for publicIp+ssh_port
[t=    1.5s 21:44:47Z] poll desiredStatus=RUNNING publicIp= ssh_port=None
[t=   16.9s 21:45:02Z] poll desiredStatus=RUNNING publicIp= ssh_port=None
[t=   32.2s 21:45:18Z] poll desiredStatus=RUNNING publicIp= ssh_port=None
[t=   47.6s 21:45:33Z] poll desiredStatus=RUNNING publicIp= ssh_port=None
[t=   63.0s 21:45:48Z] poll desiredStatus=RUNNING publicIp= ssh_port=None
[t=   78.4s 21:46:04Z] poll desiredStatus=RUNNING publicIp= ssh_port=None
[t=   93.8s 21:46:19Z] poll desiredStatus=RUNNING publicIp= ssh_port=None
[t=  109.3s 21:46:35Z] poll desiredStatus=RUNNING publicIp= ssh_port=None
[t=  124.3s 21:46:50Z] PROBE NO-GO: pod 3z5nmt51v95gw3 not RUNNING+SSH within 120s; tearing down
[t=  124.3s 21:46:50Z] DELETE pod 3z5nmt51v95gw3
[t=  124.9s 21:46:50Z] delete returned status=204 resp={}
[t=  130.2s 21:46:56Z] pod 3z5nmt51v95gw3 confirmed terminated (404)
[t=  130.2s 21:46:56Z] PROBE: pod 3z5nmt51v95gw3 torn down
[t=    0.0s 21:46:56Z] PROBE: spinning NVIDIA A100 80GB PCIe SECURE/interruptible=False with 60s deadline
[t=    0.0s 21:46:56Z] create_pod request: gpu=NVIDIA A100 80GB PCIe image=runpod/pytorch:2.1.0-py3.10-cuda12.1.1-devel-ubuntu22.04 cloud=SECURE/interruptible=False
[t=    1.1s 21:46:57Z] create OK id=yriwsd9izngmum costPerHr=$1.39
[t=    1.1s 21:46:57Z] PROBE: pod created id=yriwsd9izngmum; waiting for publicIp+ssh_port
[t=    1.5s 21:46:57Z] poll desiredStatus=RUNNING publicIp= ssh_port=None
[t=   17.8s 21:47:14Z] poll desiredStatus=RUNNING publicIp= ssh_port=None
[t=   33.2s 21:47:29Z] poll desiredStatus=RUNNING publicIp= ssh_port=None
[t=   48.7s 21:47:45Z] poll desiredStatus=RUNNING publicIp= ssh_port=None
[t=   63.8s 21:48:00Z] PROBE NO-GO: pod yriwsd9izngmum not RUNNING+SSH within 60s; tearing down
[t=   63.8s 21:48:00Z] DELETE pod yriwsd9izngmum
[t=   64.3s 21:48:00Z] delete returned status=204 resp={}
[t=   69.6s 21:48:05Z] pod yriwsd9izngmum confirmed terminated (404)
[t=   69.6s 21:48:05Z] PROBE: pod yriwsd9izngmum torn down
[t=    0.0s 21:48:06Z] PROBE: spinning NVIDIA H100 80GB HBM3 SECURE/interruptible=False with 60s deadline
[t=    0.0s 21:48:06Z] create_pod request: gpu=NVIDIA H100 80GB HBM3 image=runpod/pytorch:2.1.0-py3.10-cuda12.1.1-devel-ubuntu22.04 cloud=SECURE/interruptible=False
[t=    1.7s 21:48:07Z] create OK id=5cvkcdyvxia4ey costPerHr=$2.99
[t=    1.7s 21:48:07Z] PROBE: pod created id=5cvkcdyvxia4ey; waiting for publicIp+ssh_port
[t=    2.1s 21:48:08Z] poll desiredStatus=RUNNING publicIp= ssh_port=None
[t=   17.9s 21:48:24Z] poll desiredStatus=RUNNING publicIp= ssh_port=None
[t=   33.7s 21:48:39Z] poll desiredStatus=RUNNING publicIp= ssh_port=None
[t=   49.5s 21:48:55Z] poll desiredStatus=RUNNING publicIp= ssh_port=None
[t=   64.5s 21:49:10Z] PROBE NO-GO: pod 5cvkcdyvxia4ey not RUNNING+SSH within 60s; tearing down
[t=   64.5s 21:49:10Z] DELETE pod 5cvkcdyvxia4ey
[t=   65.0s 21:49:11Z] delete returned status=204 resp={}
[t=   70.5s 21:49:16Z] pod 5cvkcdyvxia4ey confirmed terminated (404)
[t=   70.5s 21:49:16Z] PROBE: pod 5cvkcdyvxia4ey torn down
[t=    0.0s 21:49:16Z] PROBE: spinning NVIDIA H100 PCIe SECURE/interruptible=False with 60s deadline
[t=    0.0s 21:49:16Z] create_pod request: gpu=NVIDIA H100 PCIe image=runpod/pytorch:2.1.0-py3.10-cuda12.1.1-devel-ubuntu22.04 cloud=SECURE/interruptible=False
[t=    0.7s 21:49:17Z] create FAIL status=500 resp={'error': 'create pod: There are no instances currently available', 'status': 500}
[t=    0.7s 21:49:17Z] PROBE EXCEPTION: RuntimeError: pod create failed: status=500
[t=    0.0s 21:49:17Z] PROBE: spinning NVIDIA A100-SXM4-80GB COMMUNITY/interruptible=True with 60s deadline
[t=    0.0s 21:49:17Z] create_pod request: gpu=NVIDIA A100-SXM4-80GB image=runpod/pytorch:2.1.0-py3.10-cuda12.1.1-devel-ubuntu22.04 cloud=COMMUNITY/interruptible=True
[t=    0.8s 21:49:18Z] create OK id=a0y6amnrwksu3p costPerHr=$1.39
[t=    0.8s 21:49:18Z] PROBE: pod created id=a0y6amnrwksu3p; waiting for publicIp+ssh_port
[t=    1.2s 21:49:18Z] poll desiredStatus=RUNNING publicIp= ssh_port=None
[t=   16.7s 21:49:34Z] poll desiredStatus=RUNNING publicIp= ssh_port=None
[t=   32.1s 21:49:49Z] poll desiredStatus=RUNNING publicIp= ssh_port=None
[t=   47.5s 21:50:05Z] poll desiredStatus=EXITED publicIp= ssh_port=None
[t=   62.5s 21:50:20Z] PROBE NO-GO: pod a0y6amnrwksu3p not RUNNING+SSH within 60s; tearing down
[t=   62.5s 21:50:20Z] DELETE pod a0y6amnrwksu3p
[t=   63.1s 21:50:20Z] delete returned status=204 resp={}
[t=   68.4s 21:50:26Z] pod a0y6amnrwksu3p confirmed terminated (404)
[t=   68.4s 21:50:26Z] PROBE: pod a0y6amnrwksu3p torn down
[t=    0.0s 22:14:46Z] PROBE: spinning NVIDIA A100-SXM4-80GB SECURE/interruptible=False with 120s deadline
[t=    0.0s 22:14:46Z] create_pod request: gpu=NVIDIA A100-SXM4-80GB image=runpod/pytorch:2.1.0-py3.10-cuda12.1.1-devel-ubuntu22.04 cloud=SECURE/interruptible=False
[t=    1.1s 22:14:47Z] create OK id=99nyyv2lqeze94 costPerHr=$1.49
[t=    1.1s 22:14:47Z] PROBE: pod created id=99nyyv2lqeze94; waiting for publicIp+ssh_port
[t=    1.4s 22:14:47Z] poll desiredStatus=RUNNING publicIp= ssh_port=None
[t=   17.5s 22:15:03Z] poll desiredStatus=RUNNING publicIp= ssh_port=None
[t=   32.9s 22:15:18Z] poll desiredStatus=RUNNING publicIp= ssh_port=None
[t=   48.4s 22:15:34Z] poll desiredStatus=RUNNING publicIp= ssh_port=None
[t=   63.7s 22:15:49Z] poll desiredStatus=RUNNING publicIp= ssh_port=None
[t=   79.1s 22:16:05Z] poll desiredStatus=RUNNING publicIp= ssh_port=None
[t=   94.5s 22:16:20Z] poll desiredStatus=RUNNING publicIp= ssh_port=None
[t=  109.9s 22:16:35Z] poll desiredStatus=RUNNING publicIp= ssh_port=None
[t=  124.9s 22:16:50Z] PROBE NO-GO: pod 99nyyv2lqeze94 not RUNNING+SSH within 120s; tearing down
[t=  124.9s 22:16:51Z] DELETE pod 99nyyv2lqeze94
[t=  125.5s 22:16:51Z] delete returned status=204 resp={}
[t=  130.8s 22:16:56Z] pod 99nyyv2lqeze94 confirmed terminated (404)
[t=  130.8s 22:16:56Z] PROBE: pod 99nyyv2lqeze94 torn down
[t=    0.0s 22:16:57Z] PROBE: spinning NVIDIA A100 80GB PCIe SECURE/interruptible=False with 60s deadline
[t=    0.0s 22:16:57Z] create_pod request: gpu=NVIDIA A100 80GB PCIe image=runpod/pytorch:2.1.0-py3.10-cuda12.1.1-devel-ubuntu22.04 cloud=SECURE/interruptible=False
[t=    0.5s 22:16:57Z] create FAIL status=500 resp={'error': 'create pod: There are no instances currently available', 'status': 500}
[t=    0.5s 22:16:57Z] PROBE EXCEPTION: RuntimeError: pod create failed: status=500
[t=    0.0s 22:16:57Z] PROBE: spinning NVIDIA H100 80GB HBM3 SECURE/interruptible=False with 60s deadline
[t=    0.0s 22:16:57Z] create_pod request: gpu=NVIDIA H100 80GB HBM3 image=runpod/pytorch:2.1.0-py3.10-cuda12.1.1-devel-ubuntu22.04 cloud=SECURE/interruptible=False
[t=    1.2s 22:16:58Z] create OK id=ja30juuln625ro costPerHr=$2.99
[t=    1.2s 22:16:58Z] PROBE: pod created id=ja30juuln625ro; waiting for publicIp+ssh_port
[t=    1.7s 22:16:59Z] poll desiredStatus=RUNNING publicIp= ssh_port=None
[t=   17.4s 22:17:15Z] poll desiredStatus=RUNNING publicIp= ssh_port=None
[t=   33.1s 22:17:30Z] poll desiredStatus=RUNNING publicIp= ssh_port=None
[t=   48.9s 22:17:46Z] poll desiredStatus=RUNNING publicIp= ssh_port=None
[t=   63.9s 22:18:01Z] PROBE NO-GO: pod ja30juuln625ro not RUNNING+SSH within 60s; tearing down
[t=   63.9s 22:18:01Z] DELETE pod ja30juuln625ro
[t=   64.5s 22:18:02Z] delete returned status=204 resp={}
[t=   69.8s 22:18:07Z] pod ja30juuln625ro confirmed terminated (404)
[t=   69.8s 22:18:07Z] PROBE: pod ja30juuln625ro torn down
[t=    0.0s 22:18:07Z] PROBE: spinning NVIDIA H100 PCIe SECURE/interruptible=False with 60s deadline
[t=    0.0s 22:18:07Z] create_pod request: gpu=NVIDIA H100 PCIe image=runpod/pytorch:2.1.0-py3.10-cuda12.1.1-devel-ubuntu22.04 cloud=SECURE/interruptible=False
[t=    0.6s 22:18:08Z] create FAIL status=500 resp={'error': 'create pod: There are no instances currently available', 'status': 500}
[t=    0.6s 22:18:08Z] PROBE EXCEPTION: RuntimeError: pod create failed: status=500
[t=    0.0s 22:18:08Z] PROBE: spinning NVIDIA A100-SXM4-80GB COMMUNITY/interruptible=True with 60s deadline
[t=    0.0s 22:18:08Z] create_pod request: gpu=NVIDIA A100-SXM4-80GB image=runpod/pytorch:2.1.0-py3.10-cuda12.1.1-devel-ubuntu22.04 cloud=COMMUNITY/interruptible=True
[t=    0.5s 22:18:09Z] create FAIL status=500 resp={'error': 'create pod: There are no longer any instances available with the request specifications. Please try again later.', 'status': 500}
[t=    0.5s 22:18:09Z] PROBE EXCEPTION: RuntimeError: pod create failed: status=500
[t=    0.0s 22:44:50Z] PROBE: spinning NVIDIA A100-SXM4-80GB SECURE/interruptible=False with 120s deadline
[t=    0.0s 22:44:50Z] create_pod request: gpu=NVIDIA A100-SXM4-80GB image=runpod/pytorch:2.1.0-py3.10-cuda12.1.1-devel-ubuntu22.04 cloud=SECURE/interruptible=False
[t=    1.1s 22:44:51Z] create OK id=iqurz1kt21ob6g costPerHr=$1.49
[t=    1.1s 22:44:51Z] PROBE: pod created id=iqurz1kt21ob6g; waiting for publicIp+ssh_port
[t=    1.4s 22:44:51Z] poll desiredStatus=RUNNING publicIp= ssh_port=None
[t=   16.8s 22:45:07Z] poll desiredStatus=RUNNING publicIp= ssh_port=None
[t=   32.2s 22:45:22Z] poll desiredStatus=RUNNING publicIp= ssh_port=None
[t=   47.6s 22:45:38Z] poll desiredStatus=RUNNING publicIp= ssh_port=None
[t=   62.9s 22:45:53Z] poll desiredStatus=RUNNING publicIp= ssh_port=None
[t=   78.3s 22:46:08Z] poll desiredStatus=RUNNING publicIp= ssh_port=None
[t=   93.8s 22:46:24Z] poll desiredStatus=RUNNING publicIp= ssh_port=None
[t=  109.1s 22:46:39Z] poll desiredStatus=RUNNING publicIp= ssh_port=None
[t=  124.2s 22:46:54Z] PROBE NO-GO: pod iqurz1kt21ob6g not RUNNING+SSH within 120s; tearing down
[t=  124.2s 22:46:54Z] DELETE pod iqurz1kt21ob6g
[t=  124.8s 22:46:55Z] delete returned status=204 resp={}
[t=  130.1s 22:47:00Z] pod iqurz1kt21ob6g confirmed terminated (404)
[t=  130.1s 22:47:00Z] PROBE: pod iqurz1kt21ob6g torn down
[t=    0.0s 22:47:00Z] PROBE: spinning NVIDIA A100 80GB PCIe SECURE/interruptible=False with 60s deadline
[t=    0.0s 22:47:00Z] create_pod request: gpu=NVIDIA A100 80GB PCIe image=runpod/pytorch:2.1.0-py3.10-cuda12.1.1-devel-ubuntu22.04 cloud=SECURE/interruptible=False
[t=    0.6s 22:47:01Z] create FAIL status=500 resp={'error': 'create pod: There are no instances currently available', 'status': 500}
[t=    0.6s 22:47:01Z] PROBE EXCEPTION: RuntimeError: pod create failed: status=500
[t=    0.0s 22:47:01Z] PROBE: spinning NVIDIA H100 80GB HBM3 SECURE/interruptible=False with 60s deadline
[t=    0.0s 22:47:01Z] create_pod request: gpu=NVIDIA H100 80GB HBM3 image=runpod/pytorch:2.1.0-py3.10-cuda12.1.1-devel-ubuntu22.04 cloud=SECURE/interruptible=False
[t=    1.6s 22:47:03Z] create OK id=glklm166tj8jqb costPerHr=$2.99
[t=    1.6s 22:47:03Z] PROBE: pod created id=glklm166tj8jqb; waiting for publicIp+ssh_port
[t=    2.1s 22:47:03Z] poll desiredStatus=RUNNING publicIp= ssh_port=None
[t=   17.8s 22:47:19Z] poll desiredStatus=RUNNING publicIp= ssh_port=None
[t=   33.6s 22:47:35Z] poll desiredStatus=RUNNING publicIp= ssh_port=None
[t=   49.1s 22:47:50Z] poll desiredStatus=RUNNING publicIp= ssh_port=None
[t=   64.1s 22:48:05Z] PROBE NO-GO: pod glklm166tj8jqb not RUNNING+SSH within 60s; tearing down
[t=   64.1s 22:48:05Z] DELETE pod glklm166tj8jqb
[t=   64.7s 22:48:06Z] delete returned status=204 resp={}
[t=   70.0s 22:48:11Z] pod glklm166tj8jqb confirmed terminated (404)
[t=   70.0s 22:48:11Z] PROBE: pod glklm166tj8jqb torn down
[t=    0.0s 22:48:11Z] PROBE: spinning NVIDIA H100 PCIe SECURE/interruptible=False with 60s deadline
[t=    0.0s 22:48:11Z] create_pod request: gpu=NVIDIA H100 PCIe image=runpod/pytorch:2.1.0-py3.10-cuda12.1.1-devel-ubuntu22.04 cloud=SECURE/interruptible=False
[t=    0.7s 22:48:12Z] create FAIL status=500 resp={'error': 'create pod: There are no instances currently available', 'status': 500}
[t=    0.7s 22:48:12Z] PROBE EXCEPTION: RuntimeError: pod create failed: status=500
[t=    0.0s 22:48:12Z] PROBE: spinning NVIDIA A100-SXM4-80GB COMMUNITY/interruptible=True with 60s deadline
[t=    0.0s 22:48:12Z] create_pod request: gpu=NVIDIA A100-SXM4-80GB image=runpod/pytorch:2.1.0-py3.10-cuda12.1.1-devel-ubuntu22.04 cloud=COMMUNITY/interruptible=True
[t=    0.5s 22:48:13Z] create FAIL status=500 resp={'error': 'create pod: There are no longer any instances available with the request specifications. Please try again later.', 'status': 500}
[t=    0.5s 22:48:13Z] PROBE EXCEPTION: RuntimeError: pod create failed: status=500
[t=    0.0s 22:57:40Z] PROBE: spinning NVIDIA A100-SXM4-80GB SECURE/interruptible=False with 120s deadline
[t=    0.0s 22:57:40Z] create_pod request: gpu=NVIDIA A100-SXM4-80GB image=runpod/pytorch:2.1.0-py3.10-cuda12.1.1-devel-ubuntu22.04 cloud=SECURE/interruptible=False
[t=    1.2s 22:57:41Z] create OK id=1khyfoob4m2aqr costPerHr=$1.49
[t=    1.2s 22:57:41Z] PROBE: pod created id=1khyfoob4m2aqr; waiting for publicIp+ssh_port
[t=    1.7s 22:57:42Z] poll desiredStatus=RUNNING publicIp= ssh_port=None
[t=   17.2s 22:57:57Z] poll desiredStatus=RUNNING publicIp= ssh_port=None
[t=   33.6s 22:58:14Z] poll desiredStatus=RUNNING publicIp= ssh_port=None
[t=   49.1s 22:58:29Z] poll desiredStatus=RUNNING publicIp= ssh_port=None
[t=   64.6s 22:58:44Z] poll desiredStatus=RUNNING publicIp= ssh_port=None
[t=   80.1s 22:59:00Z] poll desiredStatus=RUNNING publicIp= ssh_port=None
[t=   95.6s 22:59:15Z] poll desiredStatus=RUNNING publicIp= ssh_port=None
[t=  111.0s 22:59:31Z] poll desiredStatus=RUNNING publicIp= ssh_port=None
[t=  126.0s 22:59:46Z] PROBE NO-GO: pod 1khyfoob4m2aqr not RUNNING+SSH within 120s; tearing down
[t=  126.0s 22:59:46Z] DELETE pod 1khyfoob4m2aqr
[t=  126.6s 22:59:47Z] delete returned status=204 resp={}
[t=  132.0s 22:59:52Z] pod 1khyfoob4m2aqr confirmed terminated (404)
[t=  132.0s 22:59:52Z] PROBE: pod 1khyfoob4m2aqr torn down
[t=    0.0s 22:59:52Z] PROBE: spinning NVIDIA A100 80GB PCIe SECURE/interruptible=False with 60s deadline
[t=    0.0s 22:59:52Z] create_pod request: gpu=NVIDIA A100 80GB PCIe image=runpod/pytorch:2.1.0-py3.10-cuda12.1.1-devel-ubuntu22.04 cloud=SECURE/interruptible=False
[t=    0.5s 22:59:53Z] create FAIL status=500 resp={'error': 'create pod: There are no instances currently available', 'status': 500}
[t=    0.5s 22:59:53Z] PROBE EXCEPTION: RuntimeError: pod create failed: status=500
[t=    0.0s 22:59:53Z] PROBE: spinning NVIDIA H100 80GB HBM3 SECURE/interruptible=False with 60s deadline
[t=    0.0s 22:59:53Z] create_pod request: gpu=NVIDIA H100 80GB HBM3 image=runpod/pytorch:2.1.0-py3.10-cuda12.1.1-devel-ubuntu22.04 cloud=SECURE/interruptible=False
[t=    1.4s 22:59:54Z] create OK id=rcbqpyekmolncc costPerHr=$2.99
[t=    1.4s 22:59:54Z] PROBE: pod created id=rcbqpyekmolncc; waiting for publicIp+ssh_port
[t=    2.1s 22:59:55Z] poll desiredStatus=RUNNING publicIp= ssh_port=None
[t=   17.9s 23:00:11Z] poll desiredStatus=RUNNING publicIp= ssh_port=None
[t=   33.7s 23:00:27Z] poll desiredStatus=RUNNING publicIp= ssh_port=None
[t=   49.4s 23:00:42Z] poll desiredStatus=RUNNING publicIp= ssh_port=None
[t=   64.5s 23:00:57Z] PROBE NO-GO: pod rcbqpyekmolncc not RUNNING+SSH within 60s; tearing down
[t=   64.5s 23:00:57Z] DELETE pod rcbqpyekmolncc
[t=   65.0s 23:00:58Z] delete returned status=204 resp={}
[t=   70.3s 23:01:03Z] pod rcbqpyekmolncc confirmed terminated (404)
[t=   70.3s 23:01:03Z] PROBE: pod rcbqpyekmolncc torn down
[t=    0.0s 23:01:03Z] PROBE: spinning NVIDIA H100 PCIe SECURE/interruptible=False with 60s deadline
[t=    0.0s 23:01:03Z] create_pod request: gpu=NVIDIA H100 PCIe image=runpod/pytorch:2.1.0-py3.10-cuda12.1.1-devel-ubuntu22.04 cloud=SECURE/interruptible=False
[t=    0.7s 23:01:04Z] create FAIL status=500 resp={'error': 'create pod: There are no instances currently available', 'status': 500}
[t=    0.7s 23:01:04Z] PROBE EXCEPTION: RuntimeError: pod create failed: status=500
[t=    0.0s 23:01:04Z] PROBE: spinning NVIDIA A100-SXM4-80GB COMMUNITY/interruptible=True with 60s deadline
[t=    0.0s 23:01:04Z] create_pod request: gpu=NVIDIA A100-SXM4-80GB image=runpod/pytorch:2.1.0-py3.10-cuda12.1.1-devel-ubuntu22.04 cloud=COMMUNITY/interruptible=True
[t=    0.6s 23:01:05Z] create FAIL status=500 resp={'error': 'create pod: There are no longer any instances available with the request specifications. Please try again later.', 'status': 500}
[t=    0.6s 23:01:05Z] PROBE EXCEPTION: RuntimeError: pod create failed: status=500
[t=    0.0s 23:14:45Z] PROBE: spinning NVIDIA A100-SXM4-80GB SECURE/interruptible=False with 120s deadline
[t=    0.0s 23:14:45Z] create_pod request: gpu=NVIDIA A100-SXM4-80GB image=runpod/pytorch:2.1.0-py3.10-cuda12.1.1-devel-ubuntu22.04 cloud=SECURE/interruptible=False
[t=    1.1s 23:14:46Z] create OK id=q57rk3lx6z5tdc costPerHr=$1.49
[t=    1.1s 23:14:46Z] PROBE: pod created id=q57rk3lx6z5tdc; waiting for publicIp+ssh_port
[t=    1.5s 23:14:46Z] poll desiredStatus=RUNNING publicIp= ssh_port=None
[t=   17.0s 23:15:02Z] poll desiredStatus=RUNNING publicIp= ssh_port=None
[t=   32.4s 23:15:17Z] poll desiredStatus=RUNNING publicIp= ssh_port=None
[t=   48.1s 23:15:33Z] poll desiredStatus=RUNNING publicIp= ssh_port=None
[t=   63.6s 23:15:48Z] poll desiredStatus=RUNNING publicIp= ssh_port=None
[t=   79.0s 23:16:04Z] poll desiredStatus=RUNNING publicIp= ssh_port=None
[t=   94.4s 23:16:19Z] poll desiredStatus=RUNNING publicIp= ssh_port=None
[t=  109.9s 23:16:34Z] poll desiredStatus=RUNNING publicIp= ssh_port=None
[t=  124.9s 23:16:49Z] PROBE NO-GO: pod q57rk3lx6z5tdc not RUNNING+SSH within 120s; tearing down
[t=  124.9s 23:16:49Z] DELETE pod q57rk3lx6z5tdc
[t=  125.4s 23:16:50Z] delete returned status=204 resp={}
[t=  130.8s 23:16:55Z] pod q57rk3lx6z5tdc confirmed terminated (404)
[t=  130.8s 23:16:55Z] PROBE: pod q57rk3lx6z5tdc torn down
[t=    0.0s 23:16:56Z] PROBE: spinning NVIDIA A100 80GB PCIe SECURE/interruptible=False with 60s deadline
[t=    0.0s 23:16:56Z] create_pod request: gpu=NVIDIA A100 80GB PCIe image=runpod/pytorch:2.1.0-py3.10-cuda12.1.1-devel-ubuntu22.04 cloud=SECURE/interruptible=False
[t=    1.0s 23:16:57Z] create OK id=czu6wbehiq6iws costPerHr=$1.39
[t=    1.1s 23:16:57Z] PROBE: pod created id=czu6wbehiq6iws; waiting for publicIp+ssh_port
[t=    1.3s 23:16:57Z] poll desiredStatus=RUNNING publicIp= ssh_port=None
[t=   17.0s 23:17:13Z] poll desiredStatus=RUNNING publicIp= ssh_port=None
[t=   32.4s 23:17:28Z] poll desiredStatus=RUNNING publicIp= ssh_port=None
[t=   47.8s 23:17:43Z] poll desiredStatus=RUNNING publicIp= ssh_port=None
[t=   62.8s 23:17:58Z] PROBE NO-GO: pod czu6wbehiq6iws not RUNNING+SSH within 60s; tearing down
[t=   62.8s 23:17:58Z] DELETE pod czu6wbehiq6iws
[t=   63.4s 23:17:59Z] delete returned status=204 resp={}
[t=   68.7s 23:18:04Z] pod czu6wbehiq6iws confirmed terminated (404)
[t=   68.7s 23:18:04Z] PROBE: pod czu6wbehiq6iws torn down
[t=    0.0s 23:18:05Z] PROBE: spinning NVIDIA H100 80GB HBM3 SECURE/interruptible=False with 60s deadline
[t=    0.0s 23:18:05Z] create_pod request: gpu=NVIDIA H100 80GB HBM3 image=runpod/pytorch:2.1.0-py3.10-cuda12.1.1-devel-ubuntu22.04 cloud=SECURE/interruptible=False
[t=    1.5s 23:18:06Z] create OK id=fm17spn7vos0mx costPerHr=$2.99
[t=    1.5s 23:18:06Z] PROBE: pod created id=fm17spn7vos0mx; waiting for publicIp+ssh_port
[t=    1.9s 23:18:06Z] poll desiredStatus=RUNNING publicIp= ssh_port=None
[t=   17.6s 23:18:22Z] poll desiredStatus=RUNNING publicIp= ssh_port=None
[t=   33.3s 23:18:38Z] poll desiredStatus=RUNNING publicIp= ssh_port=None
[t=   49.1s 23:18:54Z] poll desiredStatus=RUNNING publicIp= ssh_port=None
[t=   64.1s 23:19:09Z] PROBE NO-GO: pod fm17spn7vos0mx not RUNNING+SSH within 60s; tearing down
[t=   64.1s 23:19:09Z] DELETE pod fm17spn7vos0mx
[t=   64.7s 23:19:09Z] delete returned status=204 resp={}
[t=   70.0s 23:19:15Z] pod fm17spn7vos0mx confirmed terminated (404)
[t=   70.0s 23:19:15Z] PROBE: pod fm17spn7vos0mx torn down
[t=    0.0s 23:19:15Z] PROBE: spinning NVIDIA H100 PCIe SECURE/interruptible=False with 60s deadline
[t=    0.0s 23:19:15Z] create_pod request: gpu=NVIDIA H100 PCIe image=runpod/pytorch:2.1.0-py3.10-cuda12.1.1-devel-ubuntu22.04 cloud=SECURE/interruptible=False
[t=    0.6s 23:19:15Z] create FAIL status=500 resp={'error': 'create pod: There are no instances currently available', 'status': 500}
[t=    0.6s 23:19:15Z] PROBE EXCEPTION: RuntimeError: pod create failed: status=500
[t=    0.0s 23:19:16Z] PROBE: spinning NVIDIA A100-SXM4-80GB COMMUNITY/interruptible=True with 60s deadline
[t=    0.0s 23:19:16Z] create_pod request: gpu=NVIDIA A100-SXM4-80GB image=runpod/pytorch:2.1.0-py3.10-cuda12.1.1-devel-ubuntu22.04 cloud=COMMUNITY/interruptible=True
[t=    1.0s 23:19:17Z] create OK id=e6lloh1g6ww9c5 costPerHr=$1.39
[t=    1.0s 23:19:17Z] PROBE: pod created id=e6lloh1g6ww9c5; waiting for publicIp+ssh_port
[t=    1.3s 23:19:17Z] poll desiredStatus=RUNNING publicIp= ssh_port=None
[t=   16.7s 23:19:32Z] poll desiredStatus=RUNNING publicIp= ssh_port=None
[t=   32.1s 23:19:48Z] poll desiredStatus=RUNNING publicIp= ssh_port=None
[t=   47.6s 23:20:03Z] poll desiredStatus=RUNNING publicIp= ssh_port=None
[t=   62.6s 23:20:18Z] PROBE NO-GO: pod e6lloh1g6ww9c5 not RUNNING+SSH within 60s; tearing down
[t=   62.6s 23:20:18Z] DELETE pod e6lloh1g6ww9c5
[t=   63.2s 23:20:19Z] delete returned status=204 resp={}
[t=   68.5s 23:20:24Z] pod e6lloh1g6ww9c5 confirmed terminated (404)
[t=   68.5s 23:20:24Z] PROBE: pod e6lloh1g6ww9c5 torn down
