{
  "scenario": "dual-model-serving",
  "workload": "alternating",
  "concurrency": 32,
  "num_requests": 25,
  "num_successful": 25,
  "num_failed": 0,
  "ttft_p50_ms": 381.82687759399414,
  "ttft_p95_ms": 396.7406749725342,
  "ttft_p99_ms": 397.1402931213379,
  "total_latency_p50_ms": 3934.535503387451,
  "total_latency_p99_ms": 3939.0125274658203,
  "throughput_tok_per_sec": 812.2391049218032,
  "per_model": {
    "Qwen2.5-7B-Instruct": {
      "num_requests": 12,
      "num_cold_starts": 12,
      "ttft_p50_ms": 379.2628049850464,
      "ttft_p99_ms": 381.82685136795044,
      "total_latency_p50_ms": 3922.912359237671,
      "total_latency_p99_ms": 3924.5851016044617,
      "tokens_generated": 1536
    },
    "Llama-3.1-8B-Instruct": {
      "num_requests": 13,
      "num_cold_starts": 12,
      "ttft_p50_ms": 394.44470405578613,
      "ttft_p99_ms": 397.2014331817627,
      "total_latency_p50_ms": 3936.4442825317383,
      "total_latency_p99_ms": 3939.0783309936523,
      "tokens_generated": 1664
    }
  },
  "model_switches": {
    "count": 24,
    "latency_mean_ms": 350.9405453999837,
    "latency_p50_ms": 381.8267583847046,
    "latency_p99_ms": 396.7388153076172,
    "latency_max_ms": 396.75307273864746
  },
  "gpu_memory": {
    "peak_used_mb": 65198.625,
    "mean_used_mb": 65187.725,
    "total_mb": 81920.0,
    "peak_utilization_pct": 79.58816528320312,
    "gpu_compute_util_mean": 98.8
  },
  "wall_time_ms": 3963.3988458663225
}